,link,title,year,marketing_year,price,price_text,price_info,id,category,make,model,badge,state,body_style,transmission,engine,build_date,odometer
0,https://www.carsales.com.au/cars/details/2013-ford-mondeo-lx-tdci-mc-auto/SSE-AD-14107974/?Cr=0&gts=SSE-AD-14107974&gtsSaleId=SSE-AD-14107974&gtsViewType=showcase&rankingType=showcase,2013 Ford Mondeo LX TDCi MC Auto,2013,,12750,"$12,750*",Excl. Govt. Charges,SSE-AD-14107974,private,Ford,Mondeo,   LX TDCi MC ,NSW,Hatch,Automatic,4cyl 2.0L Turbo Diesel,,"62,600 km"
1,https://www.carsales.com.au/cars/details/2011-ford-mondeo-lx-tdci-mc-auto/SSE-AD-14126316/?Cr=0&gts=SSE-AD-14126316&gtsSaleId=SSE-AD-14126316&gtsViewType=showcase&rankingType=showcase,2011 Ford Mondeo LX TDCi MC Auto,2011,,13500,"$13,500*",Excl. Govt. Charges,SSE-AD-14126316,private,Ford,Mondeo,   LX TDCi MC ,NSW,Wagon,Automatic,4cyl 2.0L Turbo Diesel,,"108,884 km"
2,https://www.carsales.com.au/cars/details/2016-ford-mondeo-ambiente-md-auto/SSE-AD-13940820/?Cr=2,2016 Ford Mondeo Ambiente MD Auto,2016,,14495,"$14,495*",Excl. Govt. Charges,SSE-AD-13940820,private,Ford,Mondeo,   Ambiente MD ,NSW,Wagon,Automatic,4cyl 2.0L Turbo Diesel,,"165,710 km"
3,https://www.carsales.com.au/cars/details/2016-ford-mondeo-ambiente-md-auto/SSE-AD-14093095/?Cr=3,2016 Ford Mondeo Ambiente MD Auto,2016,,14500,"$14,500*",Excl. Govt. Charges,SSE-AD-14093095,private,Ford,Mondeo,   Ambiente MD ,SA,Wagon,Automatic,4cyl 2.0L Turbo Diesel,,"178,000 km"
4,https://www.carsales.com.au/cars/details/2013-ford-mondeo-lx-mc-auto/SSE-AD-14021053/?Cr=4,2013 Ford Mondeo LX MC Auto,2013,,8000,"$8,000*",Excl. Govt. Charges,SSE-AD-14021053,private,Ford,Mondeo,   LX MC ,NSW,Hatch,Automatic,4cyl 2.3L Petrol,,"155,700 km"
5,https://www.carsales.com.au/cars/details/2015-ford-mondeo-trend-md-auto/SSE-AD-14090928/?Cr=5,2015 Ford Mondeo Trend MD Auto,2015,,19590,"$19,590*",Excl. Govt. Charges,SSE-AD-14090928,private,Ford,Mondeo,   Trend MD ,QLD,Hatch,Automatic,4cyl 2.0L Turbo Petrol,,"74,592 km"
6,https://www.carsales.com.au/cars/details/2012-ford-mondeo-lx-tdci-mc-auto/SSE-AD-14165831/?Cr=6,2012 Ford Mondeo LX TDCi MC Auto,2012,,6250,"$6,250*",Excl. Govt. Charges,SSE-AD-14165831,private,Ford,Mondeo,   LX TDCi MC ,NSW,Wagon,Automatic,4cyl 2.0L Turbo Diesel,,"270,499 km"
7,https://www.carsales.com.au/cars/details/2017-ford-mondeo-trend-md-auto-my18-25/SSE-AD-14109341/?Cr=7,2017 Ford Mondeo Trend MD Auto MY18.25,2017,MY18.25,19900,"$19,900*",Excl. Govt. Charges,SSE-AD-14109341,private,Ford,Mondeo,   Trend MD  ,QLD,Wagon,Automatic,4cyl 2.0L Turbo Diesel,,"151,000 km"
8,https://www.carsales.com.au/cars/details/2008-ford-mondeo-tdci-ma-auto/SSE-AD-14106068/?Cr=8,2008 Ford Mondeo TDCi MA Auto,2008,,3000,"$3,000*",Excl. Govt. Charges,SSE-AD-14106068,private,Ford,Mondeo,   TDCi MA ,VIC,Hatch,Automatic,4cyl 2.0L Turbo Diesel,,"269,766 km"
9,https://www.carsales.com.au/cars/details/2017-ford-mondeo-ambiente-md-auto-my17-5/OAG-AD-21378241/?Cr=9,2017 Ford Mondeo Ambiente MD Auto MY17.5,2017,MY17.5,24990,"$24,990*",Excl. Govt. Charges,OAG-AD-21378241,dealer,Ford,Mondeo,   Ambiente MD  ,SA,Wagon,Automatic,4cyl 2.0L Turbo Diesel,,"54,012 km"
10,https://www.carsales.com.au/cars/details/2018-ford-mondeo-ambiente-md-auto-my18-75/OAG-AD-21436717/?Cr=10,2018 Ford Mondeo Ambiente MD Auto MY18.75,2018,MY18.75,22888,"$22,888 Drive Away","$21,922 Excl. Est. Govt. Charges",OAG-AD-21436717,dealer,Ford,Mondeo,   Ambiente MD  ,VIC,Hatch,Automatic,4cyl 2.0L Turbo Diesel,,"85,610 km"
11,https://www.carsales.com.au/cars/details/2018-ford-mondeo-ambiente-md-auto-my18-75/OAG-AD-21431511/?Cr=11,2018 Ford Mondeo Ambiente MD Auto MY18.75,2018,MY18.75,19990,"$19,990*",Excl. Govt. Charges,OAG-AD-21431511,dealer,Ford,Mondeo,   Ambiente MD  ,SA,Wagon,Automatic,4cyl 2.0L Turbo Diesel,,"128,298 km"
12,https://www.carsales.com.au/cars/details/2018-ford-mondeo-ambiente-md-auto-my18-25/OAG-AD-21168843/?Cr=12,2018 Ford Mondeo Ambiente MD Auto MY18.25,2018,MY18.25,24990,"$24,990*",Excl. Govt. Charges,OAG-AD-21168843,dealer,Ford,Mondeo,   Ambiente MD  ,SA,Wagon,Automatic,4cyl 2.0L Turbo Diesel,,"63,019 km"
13,https://www.carsales.com.au/cars/details/2017-ford-mondeo-ambiente-md-auto-my18-25/OAG-AD-21381723/?Cr=13,2017 Ford Mondeo Ambiente MD Auto MY18.25,2017,MY18.25,24990,"$24,990 Drive Away","$23,940 Excl. Est. Govt. Charges",OAG-AD-21381723,dealer,Ford,Mondeo,   Ambiente MD  ,VIC,Wagon,Automatic,4cyl 2.0L Turbo Diesel,,"56,332 km"
14,https://www.carsales.com.au/cars/details/2015-ford-mondeo-titanium-md-auto/OAG-AD-21248184/?Cr=14,2015 Ford Mondeo Titanium MD Auto,2015,,21888,"$21,888*",Excl. Govt. Charges,OAG-AD-21248184,dealer,Ford,Mondeo,   Titanium MD ,NSW,Wagon,Automatic,4cyl 2.0L Turbo Diesel,,"100,972 km"
15,https://www.carsales.com.au/cars/details/2016-ford-mondeo-trend-md-auto/OAG-AD-21359401/?Cr=15,2016 Ford Mondeo Trend MD Auto,2016,,19990,"$19,990*",Excl. Govt. Charges,OAG-AD-21359401,dealer,Ford,Mondeo,   Trend MD ,SA,Hatch,Automatic,4cyl 2.0L Turbo Diesel,,"77,870 km"
16,https://www.carsales.com.au/cars/details/2011-ford-mondeo-titanium-tdci-mc-auto/OAG-AD-21289678/?Cr=16,2011 Ford Mondeo Titanium TDCi MC Auto,2011,,13995,"$13,995*",Excl. Govt. Charges,OAG-AD-21289678,dealer,Ford,Mondeo,   Titanium TDCi MC ,NSW,Wagon,Automatic,4cyl 2.0L Turbo Diesel,,"107,535 km"
17,https://www.carsales.com.au/cars/details/2016-ford-mondeo-ambiente-md-auto/OAG-AD-21240302/?Cr=17,2016 Ford Mondeo Ambiente MD Auto,2016,,18960,"$18,960 Drive Away","$18,378 Excl. Est. Govt. Charges",OAG-AD-21240302,dealer,Ford,Mondeo,   Ambiente MD ,QLD,Wagon,Automatic,4cyl 2.0L Turbo Diesel,,"96,797 km"
18,https://www.carsales.com.au/cars/details/2017-ford-mondeo-ambiente-md-auto-my17-5/OAG-AD-21417633/?Cr=18,2017 Ford Mondeo Ambiente MD Auto MY17.5,2017,MY17.5,19990,"$19,990*",Excl. Govt. Charges,OAG-AD-21417633,dealer,Ford,Mondeo,   Ambiente MD  ,SA,Wagon,Automatic,4cyl 2.0L Turbo Diesel,,"135,998 km"
19,https://www.carsales.com.au/cars/details/2018-ford-mondeo-ambiente-md-auto-my18-25/OAG-AD-21418102/?Cr=19,2018 Ford Mondeo Ambiente MD Auto MY18.25,2018,MY18.25,23998,"$23,998*",Excl. Govt. Charges,OAG-AD-21418102,dealer,Ford,Mondeo,   Ambiente MD  ,WA,Hatch,Automatic,4cyl 2.0L Turbo Diesel,,"62,228 km"
20,https://www.carsales.com.au/cars/details/2014-ford-mondeo-titanium-tdci-mc-auto/OAG-AD-21366106/?Cr=20,2014 Ford Mondeo Titanium TDCi MC Auto,2014,,19990,"$19,990*",Excl. Govt. Charges,OAG-AD-21366106,dealer,Ford,Mondeo,   Titanium TDCi MC ,SA,Hatch,Automatic,4cyl 2.0L Turbo Diesel,,"135,102 km"
21,https://www.carsales.com.au/cars/details/2017-ford-mondeo-titanium-md-auto-my18-25/OAG-AD-21202554/?Cr=21,2017 Ford Mondeo Titanium MD Auto MY18.25,2017,MY18.25,31888,"$31,888 Drive Away","$30,928 Excl. Est. Govt. Charges",OAG-AD-21202554,dealer,Ford,Mondeo,   Titanium MD  ,QLD,Wagon,Automatic,4cyl 2.0L Turbo Diesel,,"49,317 km"
22,https://www.carsales.com.au/cars/details/2017-ford-mondeo-titanium-md-auto-my17/OAG-AD-21407824/?Cr=22,2017 Ford Mondeo Titanium MD Auto MY17,2017,MY17,25990,"$25,990*",Excl. Govt. Charges,OAG-AD-21407824,dealer,Ford,Mondeo,   Titanium MD  ,QLD,Hatch,Automatic,4cyl 2.0L Turbo Diesel,,"97,140 km"
23,https://www.carsales.com.au/cars/details/2017-ford-mondeo-ambiente-md-auto-my17/OAG-AD-21165592/?Cr=23,2017 Ford Mondeo Ambiente MD Auto MY17,2017,MY17,22990,"$22,990 Drive Away","$22,291 Excl. Est. Govt. Charges",OAG-AD-21165592,dealer,Ford,Mondeo,   Ambiente MD  ,QLD,Hatch,Automatic,4cyl 2.0L Turbo Diesel,,"78,661 km"
24,https://www.carsales.com.au/cars/details/2016-ford-mondeo-titanium-md-auto/SSE-AD-14166825/?Cr=24,2016 Ford Mondeo Titanium MD Auto,2016,,26000,"$26,000*",Excl. Govt. Charges,SSE-AD-14166825,private,Ford,Mondeo,   Titanium MD ,NSW,Hatch,Automatic,4cyl 2.0L Turbo Diesel,,"87,000 km"
25,https://www.carsales.com.au/cars/details/2015-ford-mondeo-titanium-md-auto/OAG-AD-21366746/?Cr=25,2015 Ford Mondeo Titanium MD Auto,2015,,21965,"$21,965*",Excl. Govt. Charges,OAG-AD-21366746,dealer,Ford,Mondeo,   Titanium MD ,WA,Hatch,Automatic,4cyl 2.0L Turbo Diesel,,"113,752 km"
26,https://www.carsales.com.au/cars/details/2016-ford-mondeo-ambiente-md-auto/SSE-AD-13662835/?Cr=26,2016 Ford Mondeo Ambiente MD Auto,2016,,15500,"$15,500*",Excl. Govt. Charges,SSE-AD-13662835,private,Ford,Mondeo,   Ambiente MD ,NSW,Hatch,Automatic,4cyl 2.0L Turbo Diesel,,"151,307 km"
27,https://www.carsales.com.au/cars/details/2017-ford-mondeo-ambiente-md-auto-my17-5/OAG-AD-21417632/?Cr=27,2017 Ford Mondeo Ambiente MD Auto MY17.5,2017,MY17.5,16990,"$16,990*",Excl. Govt. Charges,OAG-AD-21417632,dealer,Ford,Mondeo,   Ambiente MD  ,SA,Wagon,Automatic,4cyl 2.0L Turbo Diesel,,"159,299 km"
28,https://www.carsales.com.au/cars/details/2016-ford-mondeo-trend-md-auto/SSE-AD-14170696/?Cr=28,2016 Ford Mondeo Trend MD Auto,2016,,20950,"$20,950*",Excl. Govt. Charges,SSE-AD-14170696,private,Ford,Mondeo,   Trend MD ,QLD,Hatch,Automatic,4cyl 2.0L Turbo Diesel,,"119,466 km"
29,https://www.carsales.com.au/cars/details/2012-ford-mondeo-titanium-ecoboost-mc-auto/SSE-AD-13959284/?Cr=29,2012 Ford Mondeo Titanium EcoBoost MC Auto,2012,,11995,"$11,995*",Excl. Govt. Charges,SSE-AD-13959284,private,Ford,Mondeo,   Titanium EcoBoost MC ,VIC,Hatch,Automatic,4cyl 2.0L Turbo Petrol,,"177,000 km"
30,https://www.carsales.com.au/cars/details/2015-ford-mondeo-ambiente-md-auto/OAG-AD-21430092/?Cr=30,2015 Ford Mondeo Ambiente MD Auto,2015,,16995,"$16,995*",Excl. Govt. Charges,OAG-AD-21430092,dealer,Ford,Mondeo,   Ambiente MD ,NSW,Wagon,Automatic,4cyl 2.0L Turbo Diesel,,"121,471 km"
31,https://www.carsales.com.au/cars/details/2016-ford-mondeo-trend-md-auto/OAG-AD-21172984/?Cr=31,2016 Ford Mondeo Trend MD Auto,2016,,21990,"$21,990 Drive Away","$21,313 Excl. Est. Govt. Charges",OAG-AD-21172984,dealer,Ford,Mondeo,   Trend MD ,NSW,Hatch,Automatic,4cyl 2.0L Turbo Diesel,,"71,235 km"
32,https://www.carsales.com.au/cars/details/2015-ford-mondeo-trend-md-auto/OAG-AD-21387616/?Cr=32,2015 Ford Mondeo Trend MD Auto,2015,,19990,"$19,990 Drive Away","$19,142 Excl. Est. Govt. Charges",OAG-AD-21387616,dealer,Ford,Mondeo,   Trend MD ,VIC,Wagon,Automatic,4cyl 2.0L Turbo Diesel,,"128,546 km"
33,https://www.carsales.com.au/cars/details/2017-ford-mondeo-titanium-md-auto-my17-5/SSE-AD-13278541/?Cr=33,2017 Ford Mondeo Titanium MD Auto MY17.5,2017,MY17.5,26000,"$26,000*",Excl. Govt. Charges,SSE-AD-13278541,private,Ford,Mondeo,   Titanium MD  ,VIC,Wagon,Automatic,4cyl 2.0L Turbo Diesel,,"127,580 km"
34,https://www.carsales.com.au/cars/details/2017-ford-mondeo-titanium-md-auto-my17-5/SSE-AD-13959305/?Cr=34,2017 Ford Mondeo Titanium MD Auto MY17.5,2017,MY17.5,36650,"$36,650*",Excl. Govt. Charges,SSE-AD-13959305,private,Ford,Mondeo,   Titanium MD  ,VIC,Wagon,Automatic,4cyl 2.0L Turbo Diesel,,"31,892 km"
35,https://www.carsales.com.au/cars/details/2015-ford-mondeo-titanium-md-auto/SSE-AD-12251472/?Cr=35,2015 Ford Mondeo Titanium MD Auto,2015,,25000,"$25,000*",Excl. Govt. Charges,SSE-AD-12251472,private,Ford,Mondeo,   Titanium MD ,NSW,Hatch,Automatic,4cyl 2.0L Turbo Diesel,,"96,199 km"
36,https://www.carsales.com.au/cars/details/2018-ford-mondeo-ambiente-md-auto-my18-75/SSE-AD-7151994/?Cr=36,2018 Ford Mondeo Ambiente MD Auto MY18.75,2018,MY18.75,19000,"$19,000*",Excl. Govt. Charges,SSE-AD-7151994,private,Ford,Mondeo,   Ambiente MD  ,QLD,Wagon,Automatic,4cyl 2.0L Turbo Diesel,,"163,009 km"
37,https://www.carsales.com.au/cars/details/2016-ford-mondeo-ambiente-md-auto/SSE-AD-13675073/?Cr=37,2016 Ford Mondeo Ambiente MD Auto,2016,,19400,"$19,400*",Excl. Govt. Charges,SSE-AD-13675073,private,Ford,Mondeo,   Ambiente MD ,VIC,Wagon,Automatic,4cyl 2.0L Turbo Diesel,,"112,000 km"
38,https://www.carsales.com.au/cars/details/2016-ford-mondeo-ambiente-md-auto/SSE-AD-13494369/?Cr=38,2016 Ford Mondeo Ambiente MD Auto,2016,,20500,"$20,500*",Excl. Govt. Charges,SSE-AD-13494369,private,Ford,Mondeo,   Ambiente MD ,QLD,Hatch,Automatic,4cyl 2.0L Turbo Diesel,,"123,800 km"
39,https://www.carsales.com.au/cars/details/2015-ford-mondeo-trend-md-auto/SSE-AD-13818569/?Cr=39,2015 Ford Mondeo Trend MD Auto,2015,,19500,"$19,500*",Excl. Govt. Charges,SSE-AD-13818569,private,Ford,Mondeo,   Trend MD ,NSW,Hatch,Automatic,4cyl 2.0L Turbo Petrol,,"122,400 km"
40,https://www.carsales.com.au/cars/details/2008-ford-mondeo-zetec-ma-auto/SSE-AD-14168131/?Cr=40,2008 Ford Mondeo Zetec MA Auto,2008,,6000,"$6,000*",Excl. Govt. Charges,SSE-AD-14168131,private,Ford,Mondeo,   Zetec MA ,VIC,Hatch,Automatic,4cyl 2.3L Petrol,,"133,194 km"
41,https://www.carsales.com.au/cars/details/2017-ford-mondeo-titanium-md-auto-my17-5/SSE-AD-13069933/?Cr=41,2017 Ford Mondeo Titanium MD Auto MY17.5,2017,MY17.5,25900,"$25,900*",Excl. Govt. Charges,SSE-AD-13069933,private,Ford,Mondeo,   Titanium MD  ,NSW,Hatch,Automatic,4cyl 2.0L Turbo Petrol,,"110,000 km"
42,https://www.carsales.com.au/cars/details/2016-ford-mondeo-titanium-md-auto/SSE-AD-14001167/?Cr=42,2016 Ford Mondeo Titanium MD Auto,2016,,25000,"$25,000*",Excl. Govt. Charges,SSE-AD-14001167,private,Ford,Mondeo,   Titanium MD ,VIC,Wagon,Automatic,4cyl 2.0L Turbo Diesel,,"120,000 km"
43,https://www.carsales.com.au/cars/details/2016-ford-mondeo-ambiente-md-auto/SSE-AD-13981906/?Cr=43,2016 Ford Mondeo Ambiente MD Auto,2016,,15990,"$15,990*",Excl. Govt. Charges,SSE-AD-13981906,private,Ford,Mondeo,   Ambiente MD ,NSW,Wagon,Automatic,4cyl 2.0L Turbo Diesel,,"172,655 km"
44,https://www.carsales.com.au/cars/details/2009-ford-mondeo-tdci-ma-auto/SSE-AD-13244102/?Cr=44,2009 Ford Mondeo TDCi MA Auto,2009,,6500,"$6,500*",Excl. Govt. Charges,SSE-AD-13244102,private,Ford,Mondeo,   TDCi MA ,VIC,Hatch,Automatic,4cyl 2.0L Turbo Diesel,,"320,000 km"
45,https://www.carsales.com.au/cars/details/2009-ford-mondeo-xr5-turbo-mb-manual/SSE-AD-14036092/?Cr=45,2009 Ford Mondeo XR5 Turbo MB Manual,2009,,10500,"$10,500*",Excl. Govt. Charges,SSE-AD-14036092,private,Ford,Mondeo,   XR5 Turbo MB Manual,VIC,Hatch,Manual,5cyl 2.5L Turbo Petrol,,"219,900 km"
46,https://www.carsales.com.au/cars/details/2010-ford-mondeo-lx-tdci-mc-auto/SSE-AD-13920313/?Cr=46,2010 Ford Mondeo LX TDCi MC Auto,2010,,7500,"$7,500*",Excl. Govt. Charges,SSE-AD-13920313,private,Ford,Mondeo,   LX TDCi MC ,QLD,Wagon,Automatic,4cyl 2.0L Turbo Diesel,,"182,000 km"
47,https://www.carsales.com.au/cars/details/2012-ford-mondeo-zetec-ecoboost-mc-auto/SSE-AD-14058826/?Cr=47,2012 Ford Mondeo Zetec EcoBoost MC Auto,2012,,11990,"$11,990*",Excl. Govt. Charges,SSE-AD-14058826,private,Ford,Mondeo,   Zetec EcoBoost MC ,NSW,Hatch,Automatic,4cyl 2.0L Turbo Petrol,,"75,500 km"
48,https://www.carsales.com.au/cars/details/2012-ford-mondeo-titanium-ecoboost-mc-auto/SSE-AD-7377192/?Cr=48,2012 Ford Mondeo Titanium EcoBoost MC Auto,2012,,10000,"$10,000*",Excl. Govt. Charges,SSE-AD-7377192,private,Ford,Mondeo,   Titanium EcoBoost MC ,NT,Hatch,Automatic,4cyl 2.0L Turbo Petrol,,"130,191 km"
49,https://www.carsales.com.au/cars/details/2018-ford-mondeo-titanium-md-auto-my18-25/SSE-AD-12458073/?Cr=49,2018 Ford Mondeo Titanium MD Auto MY18.25,2018,MY18.25,31900,"$31,900*",Excl. Govt. Charges,SSE-AD-12458073,private,Ford,Mondeo,   Titanium MD  ,VIC,Hatch,Automatic,4cyl 2.0L Turbo Diesel,,"75,862 km"
50,https://www.carsales.com.au/cars/details/2008-ford-mondeo-lx-ma-auto/SSE-AD-13974713/?Cr=50,2008 Ford Mondeo LX MA Auto,2008,,7800,"$7,800*",Excl. Govt. Charges,SSE-AD-13974713,private,Ford,Mondeo,   LX MA ,NSW,Sedan,Automatic,4cyl 2.3L Petrol,,"162,000 km"
51,https://www.carsales.com.au/cars/details/2014-ford-mondeo-zetec-ecoboost-mc-auto/SSE-AD-13811273/?Cr=51,2014 Ford Mondeo Zetec EcoBoost MC Auto,2014,,8500,"$8,500*",Excl. Govt. Charges,SSE-AD-13811273,private,Ford,Mondeo,   Zetec EcoBoost MC ,NSW,Hatch,Automatic,4cyl 2.0L Turbo Petrol,,"184,000 km"
52,https://www.carsales.com.au/cars/details/2011-ford-mondeo-lx-tdci-mc-auto/SSE-AD-12243734/?Cr=52,2011 Ford Mondeo LX TDCi MC Auto,2011,,8750,"$8,750*",Excl. Govt. Charges,SSE-AD-12243734,private,Ford,Mondeo,   LX TDCi MC ,QLD,Hatch,Automatic,4cyl 2.0L Turbo Diesel,,"204,350 km"
53,https://www.carsales.com.au/cars/details/2008-ford-mondeo-tdci-ma-auto/SSE-AD-13642275/?Cr=53,2008 Ford Mondeo TDCi MA Auto,2008,,7800,"$7,800*",Excl. Govt. Charges,SSE-AD-13642275,private,Ford,Mondeo,   TDCi MA ,NSW,Hatch,Automatic,4cyl 2.0L Turbo Diesel,,"137,000 km"
54,https://www.carsales.com.au/cars/details/2017-ford-mondeo-titanium-md-auto-my17-5/OAG-AD-21430785/?Cr=54,2017 Ford Mondeo Titanium MD Auto MY17.5,2017,MY17.5,29999,"$29,999*",Excl. Govt. Charges,OAG-AD-21430785,dealer,Ford,Mondeo,   Titanium MD  ,NSW,Hatch,Automatic,4cyl 2.0L Turbo Petrol,,"45,888 km"
55,https://www.carsales.com.au/cars/details/2018-ford-mondeo-titanium-md-auto-my18-25/OAG-AD-21340783/?Cr=55,2018 Ford Mondeo Titanium MD Auto MY18.25,2018,MY18.25,28999,"$28,999 Drive Away","$27,789 Excl. Est. Govt. Charges",OAG-AD-21340783,dealer,Ford,Mondeo,   Titanium MD  ,VIC,Hatch,Automatic,4cyl 2.0L Turbo Petrol,,"68,903 km"
56,https://www.carsales.com.au/cars/details/2018-ford-mondeo-ambiente-md-auto-my18-75/OAG-AD-20822795/?Cr=56,2018 Ford Mondeo Ambiente MD Auto MY18.75,2018,MY18.75,18999,"$18,999 Drive Away","$18,193 Excl. Est. Govt. Charges",OAG-AD-20822795,dealer,Ford,Mondeo,   Ambiente MD  ,VIC,Hatch,Automatic,4cyl 2.0L Turbo Diesel,,"116,036 km"
57,https://www.carsales.com.au/cars/details/2018-ford-mondeo-trend-md-auto-my18-25/SSE-AD-14000002/?Cr=57,2018 Ford Mondeo Trend MD Auto MY18.25,2018,MY18.25,23000,"$23,000*",Excl. Govt. Charges,SSE-AD-14000002,private,Ford,Mondeo,   Trend MD  ,VIC,Wagon,Automatic,4cyl 2.0L Turbo Diesel,,"140,000 km"
58,https://www.carsales.com.au/cars/details/2009-ford-mondeo-zetec-mb-auto/SSE-AD-14013761/?Cr=58,2009 Ford Mondeo Zetec MB Auto,2009,,8400,"$8,400*",Excl. Govt. Charges,SSE-AD-14013761,private,Ford,Mondeo,   Zetec MB ,QLD,Hatch,Automatic,4cyl 2.3L Petrol,,"144,790 km"
59,https://www.carsales.com.au/cars/details/2019-ford-mondeo-ambiente-md-auto-my18-75/OAG-AD-21453411/?Cr=59,2019 Ford Mondeo Ambiente MD Auto MY18.75,2019,MY18.75,26975,"$26,975*",Excl. Govt. Charges,OAG-AD-21453411,dealer,Ford,Mondeo,   Ambiente MD  ,VIC,Wagon,Automatic,4cyl 2.0L Turbo Diesel,,"57,206 km"
60,https://www.carsales.com.au/cars/details/2008-ford-mondeo-tdci-ma-auto/OAG-AD-21131241/?Cr=60,2008 Ford Mondeo TDCi MA Auto,2008,,8750,"$8,750 Drive Away","$8,355 Excl. Est. Govt. Charges",OAG-AD-21131241,dealer,Ford,Mondeo,   TDCi MA ,VIC,Hatch,Automatic,4cyl 2.0L Turbo Diesel,,"213,945 km"
61,https://www.carsales.com.au/cars/details/2017-ford-mondeo-ambiente-md-auto-my17-5/OAG-AD-21244514/?Cr=61,2017 Ford Mondeo Ambiente MD Auto MY17.5,2017,MY17.5,13800,"$13,800*",Excl. Govt. Charges,OAG-AD-21244514,dealer,Ford,Mondeo,   Ambiente MD  ,NSW,Wagon,Automatic,4cyl 2.0L Turbo Diesel,,"182,545 km"
62,https://www.carsales.com.au/cars/details/2017-ford-mondeo-ambiente-md-auto-my17-5/OAG-AD-20830111/?Cr=62,2017 Ford Mondeo Ambiente MD Auto MY17.5,2017,MY17.5,17990,"$17,990*",Excl. Govt. Charges,OAG-AD-20830111,dealer,Ford,Mondeo,   Ambiente MD  ,NSW,Wagon,Automatic,4cyl 2.0L Turbo Petrol,,"155,041 km"
63,https://www.carsales.com.au/cars/details/2011-ford-mondeo-titanium-tdci-mc-auto/OAG-AD-20740754/?Cr=63,2011 Ford Mondeo Titanium TDCi MC Auto,2011,,10990,"$10,990 Drive Away","$10,503 Excl. Est. Govt. Charges",OAG-AD-20740754,dealer,Ford,Mondeo,   Titanium TDCi MC ,VIC,Hatch,Automatic,4cyl 2.0L Turbo Diesel,,"212,519 km"
64,https://www.carsales.com.au/cars/details/2016-ford-mondeo-ambiente-md-auto/OAG-AD-20995173/?Cr=64,2016 Ford Mondeo Ambiente MD Auto,2016,,17777,"$17,777 Drive Away","$17,228 Excl. Est. Govt. Charges",OAG-AD-20995173,dealer,Ford,Mondeo,   Ambiente MD ,QLD,Wagon,Automatic,4cyl 2.0L Turbo Diesel,,"142,441 km"
65,https://www.carsales.com.au/cars/details/2016-ford-mondeo-titanium-md-auto/OAG-AD-21444769/?Cr=65,2016 Ford Mondeo Titanium MD Auto,2016,,22987,"$22,987 Drive Away","$22,013 Excl. Est. Govt. Charges",OAG-AD-21444769,dealer,Ford,Mondeo,   Titanium MD ,VIC,Hatch,Automatic,4cyl 2.0L Turbo Diesel,,"108,562 km"
66,https://www.carsales.com.au/cars/details/2011-ford-mondeo-zetec-tdci-mc-auto/OAG-AD-21284027/?Cr=66,2011 Ford Mondeo Zetec TDCi MC Auto,2011,,9999,"$9,999 Drive Away","$9,554 Excl. Est. Govt. Charges",OAG-AD-21284027,dealer,Ford,Mondeo,   Zetec TDCi MC ,VIC,Wagon,Automatic,4cyl 2.0L Turbo Diesel,,"171,235 km"
67,https://www.carsales.com.au/cars/details/2018-ford-mondeo-ambiente-md-auto-my18-75/OAG-AD-21181328/?Cr=67,2018 Ford Mondeo Ambiente MD Auto MY18.75,2018,MY18.75,23990,"$23,990*",Excl. Govt. Charges,OAG-AD-21181328,dealer,Ford,Mondeo,   Ambiente MD  ,SA,Wagon,Automatic,4cyl 2.0L Turbo Diesel,,"57,890 km"
68,https://www.carsales.com.au/cars/details/2017-ford-mondeo-trend-md-auto-my17-5/OAG-AD-21386524/?Cr=68,2017 Ford Mondeo Trend MD Auto MY17.5,2017,MY17.5,22995,"$22,995*",Excl. Govt. Charges,OAG-AD-21386524,dealer,Ford,Mondeo,   Trend MD  ,NSW,Hatch,Automatic,4cyl 2.0L Turbo Petrol,,"68,154 km"
69,https://www.carsales.com.au/cars/details/2018-ford-mondeo-ambiente-md-auto-my18-75/OAG-AD-21306615/?Cr=69,2018 Ford Mondeo Ambiente MD Auto MY18.75,2018,MY18.75,19950,"$19,950*",Excl. Govt. Charges,OAG-AD-21306615,dealer,Ford,Mondeo,   Ambiente MD  ,NSW,Wagon,Automatic,4cyl 2.0L Turbo Diesel,,"128,215 km"
70,https://www.carsales.com.au/cars/details/2014-ford-mondeo-zetec-ecoboost-mc-auto/OAG-AD-21422370/?Cr=70,2014 Ford Mondeo Zetec EcoBoost MC Auto,2014,,11999,"$11,999 Drive Away","$11,470 Excl. Est. Govt. Charges",OAG-AD-21422370,dealer,Ford,Mondeo,   Zetec EcoBoost MC ,VIC,Hatch,Automatic,4cyl 2.0L Turbo Petrol,,"150,588 km"
71,https://www.carsales.com.au/cars/details/2013-ford-mondeo-lx-mc-auto/OAG-AD-20770398/?Cr=71,2013 Ford Mondeo LX MC Auto,2013,,11990,"$11,990 Drive Away","$11,461 Excl. Est. Govt. Charges",OAG-AD-20770398,dealer,Ford,Mondeo,   LX MC ,VIC,Hatch,Automatic,4cyl 2.3L Petrol,,"138,958 km"
72,https://www.carsales.com.au/cars/details/2016-ford-mondeo-ambiente-md-auto/OAG-AD-21177108/?Cr=72,2016 Ford Mondeo Ambiente MD Auto,2016,,19990,"$19,990*",Excl. Govt. Charges,OAG-AD-21177108,dealer,Ford,Mondeo,   Ambiente MD ,SA,Wagon,Automatic,4cyl 2.0L Turbo Diesel,,"76,783 km"
73,https://www.carsales.com.au/cars/details/2017-ford-mondeo-ambiente-md-auto-my17-5/OAG-AD-21389594/?Cr=73,2017 Ford Mondeo Ambiente MD Auto MY17.5,2017,MY17.5,17700,"$17,700*",Excl. Govt. Charges,OAG-AD-21389594,dealer,Ford,Mondeo,   Ambiente MD  ,QLD,Wagon,Automatic,4cyl 2.0L Turbo Diesel,,"139,000 km"
74,https://www.carsales.com.au/cars/details/2018-ford-mondeo-ambiente-md-auto-my18-75/OAG-AD-21315499/?Cr=74,2018 Ford Mondeo Ambiente MD Auto MY18.75,2018,MY18.75,21990,"$21,990*",Excl. Govt. Charges,OAG-AD-21315499,dealer,Ford,Mondeo,   Ambiente MD  ,SA,Wagon,Automatic,4cyl 2.0L Turbo Diesel,,"93,236 km"
75,https://www.carsales.com.au/cars/details/2018-ford-mondeo-ambiente-md-auto-my18-25/OAG-AD-21335928/?Cr=75,2018 Ford Mondeo Ambiente MD Auto MY18.25,2018,MY18.25,21990,"$21,990 Drive Away","$21,058 Excl. Est. Govt. Charges",OAG-AD-21335928,dealer,Ford,Mondeo,   Ambiente MD  ,VIC,Wagon,Automatic,4cyl 2.0L Turbo Petrol,,"154,105 km"
76,https://www.carsales.com.au/cars/details/2011-ford-mondeo-titanium-tdci-mc-auto/OAG-AD-21311959/?Cr=76,2011 Ford Mondeo Titanium TDCi MC Auto,2011,,14000,"$14,000 Drive Away","$13,395 Excl. Est. Govt. Charges",OAG-AD-21311959,dealer,Ford,Mondeo,   Titanium TDCi MC ,VIC,Wagon,Automatic,4cyl 2.0L Turbo Diesel,,"110,350 km"
77,https://www.carsales.com.au/cars/details/2015-ford-mondeo-trend-md-auto/OAG-AD-21445249/?Cr=77,2015 Ford Mondeo Trend MD Auto,2015,,15990,"$15,990*",Excl. Govt. Charges,OAG-AD-21445249,dealer,Ford,Mondeo,   Trend MD ,SA,Wagon,Automatic,4cyl 2.0L Turbo Diesel,,"166,075 km"
78,https://www.carsales.com.au/cars/details/2019-ford-mondeo-ambiente-md-auto-my19-5/OAG-AD-21260127/?Cr=78,2019 Ford Mondeo Ambiente MD Auto MY19.5,2019,MY19.5,30990,"$30,990 Drive Away","$29,696 Excl. Est. Govt. Charges",OAG-AD-21260127,dealer,Ford,Mondeo,   Ambiente MD  ,VIC,Hatch,Automatic,4cyl 2.0L Turbo Diesel,,"21,024 km"
79,https://www.carsales.com.au/cars/details/2018-ford-mondeo-ambiente-md-auto-my18-25/OAG-AD-21187583/?Cr=79,2018 Ford Mondeo Ambiente MD Auto MY18.25,2018,MY18.25,18997,"$18,997 Drive Away","$18,412 Excl. Est. Govt. Charges",OAG-AD-21187583,dealer,Ford,Mondeo,   Ambiente MD  ,QLD,Hatch,Automatic,4cyl 2.0L Turbo Diesel,,"168,881 km"
80,https://www.carsales.com.au/cars/details/2017-ford-mondeo-ambiente-md-auto-my17/OAG-AD-21387162/?Cr=80,2017 Ford Mondeo Ambiente MD Auto MY17,2017,MY17,19980,"$19,980 Drive Away","$19,368 Excl. Est. Govt. Charges",OAG-AD-21387162,dealer,Ford,Mondeo,   Ambiente MD  ,QLD,Wagon,Automatic,4cyl 2.0L Turbo Petrol,,"87,844 km"
81,https://www.carsales.com.au/cars/details/2017-ford-mondeo-ambiente-md-auto-my17/OAG-AD-20942871/?Cr=81,2017 Ford Mondeo Ambiente MD Auto MY17,2017,MY17,20888,"$20,888*",Excl. Govt. Charges,OAG-AD-20942871,dealer,Ford,Mondeo,   Ambiente MD  ,VIC,Wagon,Automatic,4cyl 2.0L Turbo Diesel,,"152,731 km"
82,https://www.carsales.com.au/cars/details/2018-ford-mondeo-ambiente-md-auto-my18-25/OAG-AD-21303780/?Cr=82,2018 Ford Mondeo Ambiente MD Auto MY18.25,2018,MY18.25,21990,"$21,990*",Excl. Govt. Charges,OAG-AD-21303780,dealer,Ford,Mondeo,   Ambiente MD  ,NSW,Hatch,Automatic,4cyl 2.0L Turbo Petrol,,"98,868 km"
83,https://www.carsales.com.au/cars/details/2016-ford-mondeo-ambiente-md-auto/OAG-AD-20671415/?Cr=83,2016 Ford Mondeo Ambiente MD Auto,2016,,21950,"$21,950*",Excl. Govt. Charges,OAG-AD-20671415,dealer,Ford,Mondeo,   Ambiente MD ,NSW,Wagon,Automatic,4cyl 2.0L Turbo Diesel,,"99,989 km"
84,https://www.carsales.com.au/cars/details/2016-ford-mondeo-ambiente-md-auto/OAG-AD-21409847/?Cr=84,2016 Ford Mondeo Ambiente MD Auto,2016,,15996,"$15,996*",Excl. Govt. Charges,OAG-AD-21409847,dealer,Ford,Mondeo,   Ambiente MD ,NSW,Wagon,Automatic,4cyl 2.0L Turbo Petrol,,"130,440 km"
85,https://www.carsales.com.au/cars/details/2008-ford-mondeo-tdci-ma-auto/OAG-AD-21352207/?Cr=85,2008 Ford Mondeo TDCi MA Auto,2008,,8490,"$8,490*",Excl. Govt. Charges,OAG-AD-21352207,dealer,Ford,Mondeo,   TDCi MA ,VIC,Hatch,Automatic,4cyl 2.0L Turbo Diesel,,"157,659 km"
86,https://www.carsales.com.au/cars/details/2016-ford-mondeo-ambiente-md-auto/OAG-AD-21307478/?Cr=86,2016 Ford Mondeo Ambiente MD Auto,2016,,21500,"$21,500*",Excl. Govt. Charges,OAG-AD-21307478,dealer,Ford,Mondeo,   Ambiente MD ,WA,Wagon,Automatic,4cyl 2.0L Turbo Diesel,,"84,086 km"
87,https://www.carsales.com.au/cars/details/2017-ford-mondeo-ambiente-md-auto-my17-5/OAG-AD-21005469/?Cr=87,2017 Ford Mondeo Ambiente MD Auto MY17.5,2017,MY17.5,24888,"$24,888*",Excl. Govt. Charges,OAG-AD-21005469,dealer,Ford,Mondeo,   Ambiente MD  ,NSW,Wagon,Automatic,4cyl 2.0L Turbo Diesel,,"45,887 km"
88,https://www.carsales.com.au/cars/details/2016-ford-mondeo-trend-md-auto/OAG-AD-21441564/?Cr=88,2016 Ford Mondeo Trend MD Auto,2016,,20990,"$20,990*",Excl. Govt. Charges,OAG-AD-21441564,dealer,Ford,Mondeo,   Trend MD ,VIC,Hatch,Automatic,4cyl 2.0L Turbo Petrol,,"96,291 km"
89,https://www.carsales.com.au/cars/details/2007-ford-mondeo-lx-ma-auto/OAG-AD-21401243/?Cr=89,2007 Ford Mondeo LX MA Auto,2007,,12990,"$12,990*",Excl. Govt. Charges,OAG-AD-21401243,dealer,Ford,Mondeo,   LX MA ,NSW,Sedan,Automatic,4cyl 2.3L Petrol,,"115,361 km"
90,https://www.carsales.com.au/cars/details/2015-ford-mondeo-trend-md-auto/OAG-AD-21371774/?Cr=90,2015 Ford Mondeo Trend MD Auto,2015,,22990,"$22,990*",Excl. Govt. Charges,OAG-AD-21371774,dealer,Ford,Mondeo,   Trend MD ,NSW,Hatch,Automatic,4cyl 2.0L Turbo Petrol,,"43,932 km"
91,https://www.carsales.com.au/cars/details/2016-ford-mondeo-ambiente-md-auto/SSE-AD-13720107/?Cr=91,2016 Ford Mondeo Ambiente MD Auto,2016,,20500,"$20,500*",Excl. Govt. Charges,SSE-AD-13720107,private,Ford,Mondeo,   Ambiente MD ,VIC,Wagon,Automatic,4cyl 2.0L Turbo Diesel,,"116,000 km"
92,https://www.carsales.com.au/cars/details/2015-ford-mondeo-titanium-md-auto/OAG-AD-21336960/?Cr=92,2015 Ford Mondeo Titanium MD Auto,2015,,16990,"$16,990*",Excl. Govt. Charges,OAG-AD-21336960,dealer,Ford,Mondeo,   Titanium MD ,SA,Hatch,Automatic,4cyl 2.0L Turbo Petrol,,"196,942 km"
93,https://www.carsales.com.au/cars/details/2013-ford-mondeo-zetec-tdci-mc-auto/SSE-AD-12997481/?Cr=93,2013 Ford Mondeo Zetec TDCi MC Auto,2013,,6000,"$6,000*",Excl. Govt. Charges,SSE-AD-12997481,private,Ford,Mondeo,   Zetec TDCi MC ,QLD,Wagon,Automatic,4cyl 2.0L Turbo Diesel,,"160,150 km"
94,https://www.carsales.com.au/cars/details/2015-ford-mondeo-ambiente-md-auto/SSE-AD-14145591/?Cr=94,2015 Ford Mondeo Ambiente MD Auto,2015,,18900,"$18,900*",Excl. Govt. Charges,SSE-AD-14145591,private,Ford,Mondeo,   Ambiente MD ,NSW,Wagon,Automatic,4cyl 2.0L Turbo Diesel,,"72,446 km"
95,https://www.carsales.com.au/cars/details/2010-ford-mondeo-zetec-mc-auto/SSE-AD-13913823/?Cr=95,2010 Ford Mondeo Zetec MC Auto,2010,,12500,"$12,500*",Excl. Govt. Charges,SSE-AD-13913823,private,Ford,Mondeo,   Zetec MC ,VIC,Wagon,Automatic,4cyl 2.3L Petrol,,"63,000 km"
96,https://www.carsales.com.au/cars/details/2012-ford-mondeo-titanium-tdci-mc-auto/OAG-AD-21299792/?Cr=96,2012 Ford Mondeo Titanium TDCi MC Auto,2012,,17990,"$17,990 Drive Away","$17,217 Excl. Est. Govt. Charges",OAG-AD-21299792,dealer,Ford,Mondeo,   Titanium TDCi MC ,VIC,Wagon,Automatic,4cyl 2.0L Turbo Diesel,,"106,955 km"
97,https://www.carsales.com.au/cars/details/2016-ford-mondeo-trend-md-auto/OAG-AD-21432456/?Cr=97,2016 Ford Mondeo Trend MD Auto,2016,,13999,"$13,999 Drive Away","$13,561 Excl. Est. Govt. Charges",OAG-AD-21432456,dealer,Ford,Mondeo,   Trend MD ,QLD,Hatch,Automatic,4cyl 2.0L Turbo Diesel,,"191,117 km"
98,https://www.carsales.com.au/cars/details/2018-ford-mondeo-ambiente-md-auto-my18-25/OAG-AD-21002813/?Cr=98,2018 Ford Mondeo Ambiente MD Auto MY18.25,2018,MY18.25,19990,"$19,990*",Excl. Govt. Charges,OAG-AD-21002813,dealer,Ford,Mondeo,   Ambiente MD  ,VIC,Wagon,Automatic,4cyl 2.0L Turbo Diesel,,"124,060 km"
99,https://www.carsales.com.au/cars/details/2009-ford-mondeo-xr5-turbo-ma-manual/OAG-AD-21351807/?Cr=99,2009 Ford Mondeo XR5 Turbo MA Manual,2009,,12997,"$12,997*",Excl. Govt. Charges,OAG-AD-21351807,dealer,Ford,Mondeo,   XR5 Turbo MA Manual,VIC,Hatch,Manual,5cyl 2.5L Turbo Petrol,,"177,740 km"
100,https://www.carsales.com.au/cars/details/2016-ford-mondeo-ambiente-md-auto/OAG-AD-21288359/?Cr=100,2016 Ford Mondeo Ambiente MD Auto,2016,,18990,"$18,990 Drive Away","$18,405 Excl. Est. Govt. Charges",OAG-AD-21288359,dealer,Ford,Mondeo,   Ambiente MD ,QLD,Hatch,Automatic,4cyl 2.0L Turbo Diesel,,"151,508 km"
101,https://www.carsales.com.au/cars/details/2014-ford-mondeo-titanium-tdci-mc-auto/OAG-AD-21387444/?Cr=101,2014 Ford Mondeo Titanium TDCi MC Auto,2014,,15650,"$15,650*",Excl. Govt. Charges,OAG-AD-21387444,dealer,Ford,Mondeo,   Titanium TDCi MC ,SA,Hatch,Automatic,4cyl 2.0L Turbo Diesel,,"114,074 km"
102,https://www.carsales.com.au/cars/details/2018-ford-mondeo-titanium-md-auto-my18-75/OAG-AD-21393829/?Cr=102,2018 Ford Mondeo Titanium MD Auto MY18.75,2018,MY18.75,25990,"$25,990*",Excl. Govt. Charges,OAG-AD-21393829,dealer,Ford,Mondeo,   Titanium MD  ,WA,Hatch,Automatic,4cyl 2.0L Turbo Diesel,,"116,919 km"
103,https://www.carsales.com.au/cars/details/2013-ford-mondeo-lx-tdci-mc-auto/SSE-AD-6357548/?Cr=103,2013 Ford Mondeo LX TDCi MC Auto,2013,,9300,"$9,300*",Excl. Govt. Charges,SSE-AD-6357548,private,Ford,Mondeo,   LX TDCi MC ,VIC,Wagon,Automatic,4cyl 2.0L Turbo Diesel,,"186,000 km"
104,https://www.carsales.com.au/cars/details/2017-ford-mondeo-ambiente-md-auto-my17/OAG-AD-21236006/?Cr=104,2017 Ford Mondeo Ambiente MD Auto MY17,2017,MY17,22999,"$22,999 Drive Away","$22,300 Excl. Est. Govt. Charges",OAG-AD-21236006,dealer,Ford,Mondeo,   Ambiente MD  ,QLD,Wagon,Automatic,4cyl 2.0L Turbo Diesel,,"86,412 km"
105,https://www.carsales.com.au/cars/details/2008-ford-mondeo-tdci-ma-auto/OAG-AD-21443239/?Cr=105,2008 Ford Mondeo TDCi MA Auto,2008,,10999,"$10,999*",Excl. Govt. Charges,OAG-AD-21443239,dealer,Ford,Mondeo,   TDCi MA ,WA,Sedan,Automatic,4cyl 2.0L Turbo Diesel,,"110,261 km"
106,https://www.carsales.com.au/cars/details/2018-ford-mondeo-titanium-md-auto-my18-25/OAG-AD-21090466/?Cr=106,2018 Ford Mondeo Titanium MD Auto MY18.25,2018,MY18.25,26828,"$26,828*",Excl. Govt. Charges,OAG-AD-21090466,dealer,Ford,Mondeo,   Titanium MD  ,WA,Hatch,Automatic,4cyl 2.0L Turbo Petrol,,"90,471 km"
107,https://www.carsales.com.au/cars/details/2019-ford-mondeo-ambiente-md-auto-my18-75/OAG-AD-20762299/?Cr=107,2019 Ford Mondeo Ambiente MD Auto MY18.75,2019,MY18.75,24990,"$24,990 Drive Away","$23,940 Excl. Est. Govt. Charges",OAG-AD-20762299,dealer,Ford,Mondeo,   Ambiente MD  ,VIC,Hatch,Automatic,4cyl 2.0L Turbo Diesel,,"121,789 km"
108,https://www.carsales.com.au/cars/details/2009-ford-mondeo-zetec-mb-auto/OAG-AD-20680228/?Cr=108,2009 Ford Mondeo Zetec MB Auto,2009,,9900,"$9,900 Drive Away","$9,455 Excl. Est. Govt. Charges",OAG-AD-20680228,dealer,Ford,Mondeo,   Zetec MB ,VIC,Wagon,Automatic,4cyl 2.3L Petrol,,"170,250 km"
109,https://www.carsales.com.au/cars/details/2013-ford-mondeo-zetec-tdci-mc-auto/SSE-AD-12987421/?Cr=109,2013 Ford Mondeo Zetec TDCi MC Auto,2013,,8000,"$8,000*",Excl. Govt. Charges,SSE-AD-12987421,private,Ford,Mondeo,   Zetec TDCi MC ,VIC,Wagon,Automatic,4cyl 2.0L Turbo Diesel,,"208,000 km"
110,https://www.carsales.com.au/cars/details/2018-ford-mondeo-ambiente-md-auto-my18-75/OAG-AD-21303083/?Cr=110,2018 Ford Mondeo Ambiente MD Auto MY18.75,2018,MY18.75,20990,"$20,990 Drive Away","$20,348 Excl. Est. Govt. Charges",OAG-AD-21303083,dealer,Ford,Mondeo,   Ambiente MD  ,QLD,Wagon,Automatic,4cyl 2.0L Turbo Petrol,,"90,051 km"
111,https://www.carsales.com.au/cars/details/2017-ford-mondeo-titanium-md-auto-my17/SSE-AD-13721396/?Cr=111,2017 Ford Mondeo Titanium MD Auto MY17,2017,MY17,16200,"$16,200*",Excl. Govt. Charges,SSE-AD-13721396,private,Ford,Mondeo,   Titanium MD  ,VIC,Hatch,Automatic,4cyl 2.0L Turbo Diesel,,"177,037 km"
112,https://www.carsales.com.au/cars/details/2012-ford-mondeo-lx-mc-auto/SSE-AD-13317052/?Cr=112,2012 Ford Mondeo LX MC Auto,2012,,7500,"$7,500*",Excl. Govt. Charges,SSE-AD-13317052,private,Ford,Mondeo,   LX MC ,SA,Wagon,Automatic,4cyl 2.3L Petrol,,"242,000 km"
113,https://www.carsales.com.au/cars/details/2013-ford-mondeo-lx-tdci-mc-auto/SSE-AD-14020908/?Cr=113,2013 Ford Mondeo LX TDCi MC Auto,2013,,9999,"$9,999*",Excl. Govt. Charges,SSE-AD-14020908,private,Ford,Mondeo,   LX TDCi MC ,NSW,Wagon,Automatic,4cyl 2.0L Turbo Diesel,,"128,915 km"
114,https://www.carsales.com.au/cars/details/2017-ford-mondeo-titanium-md-auto-my17-5/SSE-AD-13867450/?Cr=114,2017 Ford Mondeo Titanium MD Auto MY17.5,2017,MY17.5,30000,"$30,000*",Excl. Govt. Charges,SSE-AD-13867450,private,Ford,Mondeo,   Titanium MD  ,VIC,Wagon,Automatic,4cyl 2.0L Turbo Diesel,,"65,000 km"
115,https://www.carsales.com.au/cars/details/2018-ford-mondeo-titanium-md-auto-my18-25/SSE-AD-13636974/?Cr=115,2018 Ford Mondeo Titanium MD Auto MY18.25,2018,MY18.25,24980,"$24,980*",Excl. Govt. Charges,SSE-AD-13636974,private,Ford,Mondeo,   Titanium MD  ,SA,Wagon,Automatic,4cyl 2.0L Turbo Diesel,,"167,000 km"
116,https://www.carsales.com.au/cars/details/2017-ford-mondeo-titanium-md-auto-my17/OAG-AD-21368722/?Cr=116,2017 Ford Mondeo Titanium MD Auto MY17,2017,MY17,26870,"$26,870*",Excl. Govt. Charges,OAG-AD-21368722,dealer,Ford,Mondeo,   Titanium MD  ,SA,Hatch,Automatic,4cyl 2.0L Turbo Petrol,,"57,350 km"
117,https://www.carsales.com.au/cars/details/2010-ford-mondeo-lx-mc-auto/SSE-AD-13421770/?Cr=117,2010 Ford Mondeo LX MC Auto,2010,,4500,"$4,500*",Excl. Govt. Charges,SSE-AD-13421770,private,Ford,Mondeo,   LX MC ,VIC,Wagon,Automatic,4cyl 2.3L Petrol,,"203,747 km"
118,https://www.carsales.com.au/cars/details/2015-ford-mondeo-ambiente-md-auto/SSE-AD-14029184/?Cr=118,2015 Ford Mondeo Ambiente MD Auto,2015,,14700,"$14,700*",Excl. Govt. Charges,SSE-AD-14029184,private,Ford,Mondeo,   Ambiente MD ,VIC,Wagon,Automatic,4cyl 2.0L Turbo Diesel,,"156,900 km"
119,https://www.carsales.com.au/cars/details/2013-ford-mondeo-lx-tdci-mc-auto/OAG-AD-20980123/?Cr=119,2013 Ford Mondeo LX TDCi MC Auto,2013,,14990,"$14,990 Drive Away","$14,343 Excl. Est. Govt. Charges",OAG-AD-20980123,dealer,Ford,Mondeo,   LX TDCi MC ,VIC,Wagon,Automatic,4cyl 2.0L Turbo Diesel,,"178,258 km"
120,https://www.carsales.com.au/cars/details/2016-ford-mondeo-ambiente-md-auto/SSE-AD-14180473/?Cr=120,2016 Ford Mondeo Ambiente MD Auto,2016,,20000,"$20,000*",Excl. Govt. Charges,SSE-AD-14180473,private,Ford,Mondeo,   Ambiente MD ,NSW,Wagon,Automatic,4cyl 2.0L Turbo Diesel,,"122,000 km"
121,https://www.carsales.com.au/cars/details/2012-ford-mondeo-zetec-ecoboost-mc-auto/SSE-AD-12529871/?Cr=121,2012 Ford Mondeo Zetec EcoBoost MC Auto,2012,,11950,"$11,950*",Excl. Govt. Charges,SSE-AD-12529871,private,Ford,Mondeo,   Zetec EcoBoost MC ,VIC,Hatch,Automatic,4cyl 2.0L Turbo Petrol,,"138,542 km"
122,https://www.carsales.com.au/cars/details/2015-ford-mondeo-titanium-md-auto/OAG-AD-21305981/?Cr=122,2015 Ford Mondeo Titanium MD Auto,2015,,20990,"$20,990*",Excl. Govt. Charges,OAG-AD-21305981,dealer,Ford,Mondeo,   Titanium MD ,VIC,Hatch,Automatic,4cyl 2.0L Turbo Diesel,,"85,130 km"
123,https://www.carsales.com.au/cars/details/2018-ford-mondeo-ambiente-md-auto-my18-25/OAG-AD-21169992/?Cr=123,2018 Ford Mondeo Ambiente MD Auto MY18.25,2018,MY18.25,24990,"$24,990 Drive Away","$23,940 Excl. Est. Govt. Charges",OAG-AD-21169992,dealer,Ford,Mondeo,   Ambiente MD  ,VIC,Hatch,Automatic,4cyl 2.0L Turbo Diesel,,"97,262 km"
124,https://www.carsales.com.au/cars/details/2017-ford-mondeo-ambiente-md-auto-my17/OAG-AD-21117254/?Cr=124,2017 Ford Mondeo Ambiente MD Auto MY17,2017,MY17,21750,"$21,750*",Excl. Govt. Charges,OAG-AD-21117254,dealer,Ford,Mondeo,   Ambiente MD  ,NSW,Wagon,Automatic,4cyl 2.0L Turbo Petrol,,"73,099 km"
125,https://www.carsales.com.au/cars/details/2016-ford-mondeo-trend-md-auto/OAG-AD-20931662/?Cr=125,2016 Ford Mondeo Trend MD Auto,2016,,27990,"$27,990 Drive Away","$26,814 Excl. Est. Govt. Charges",OAG-AD-20931662,dealer,Ford,Mondeo,   Trend MD ,VIC,Wagon,Automatic,4cyl 2.0L Turbo Diesel,,"71,319 km"
126,https://www.carsales.com.au/cars/details/2016-ford-mondeo-ambiente-md-auto/OAG-AD-20833090/?Cr=126,2016 Ford Mondeo Ambiente MD Auto,2016,,19990,"$19,990*",Excl. Govt. Charges,OAG-AD-20833090,dealer,Ford,Mondeo,   Ambiente MD ,ACT,Wagon,Automatic,4cyl 2.0L Turbo Diesel,,"116,835 km"
127,https://www.carsales.com.au/cars/details/2017-ford-mondeo-trend-md-auto-my17/OAG-AD-21331446/?Cr=127,2017 Ford Mondeo Trend MD Auto MY17,2017,MY17,28202,"$28,202 Drive Away","$27,350 Excl. Est. Govt. Charges",OAG-AD-21331446,dealer,Ford,Mondeo,   Trend MD  ,QLD,Hatch,Automatic,4cyl 2.0L Turbo Diesel,,"32,217 km"
128,https://www.carsales.com.au/cars/details/2017-ford-mondeo-titanium-md-auto-my17/SSE-AD-14077156/?Cr=128,2017 Ford Mondeo Titanium MD Auto MY17,2017,MY17,25888,"$25,888*",Excl. Govt. Charges,SSE-AD-14077156,private,Ford,Mondeo,   Titanium MD  ,VIC,Wagon,Automatic,4cyl 2.0L Turbo Diesel,,"75,308 km"
129,https://www.carsales.com.au/cars/details/2010-ford-mondeo-zetec-tdci-mb-auto/OAG-AD-21216464/?Cr=129,2010 Ford Mondeo Zetec TDCi MB Auto,2010,,7990,"$7,990*",Excl. Govt. Charges,OAG-AD-21216464,dealer,Ford,Mondeo,   Zetec TDCi MB ,SA,Hatch,Automatic,4cyl 2.0L Turbo Diesel,,"179,835 km"
130,https://www.carsales.com.au/cars/details/2011-ford-mondeo-lx-mc-auto/OAG-AD-20678869/?Cr=130,2011 Ford Mondeo LX MC Auto,2011,,12888,"$12,888*",Excl. Govt. Charges,OAG-AD-20678869,dealer,Ford,Mondeo,   LX MC ,VIC,Hatch,Automatic,4cyl 2.3L Petrol,,"187,892 km"
131,https://www.carsales.com.au/cars/details/2015-ford-mondeo-trend-md-auto/SSE-AD-14008534/?Cr=131,2015 Ford Mondeo Trend MD Auto,2015,,15780,"$15,780*",Excl. Govt. Charges,SSE-AD-14008534,private,Ford,Mondeo,   Trend MD ,NSW,Hatch,Automatic,4cyl 2.0L Turbo Petrol,,"165,000 km"
132,https://www.carsales.com.au/cars/details/2014-ford-mondeo-lx-tdci-mc-auto/OAG-AD-21037068/?Cr=132,2014 Ford Mondeo LX TDCi MC Auto,2014,,13980,"$13,980*",Excl. Govt. Charges,OAG-AD-21037068,dealer,Ford,Mondeo,   LX TDCi MC ,WA,Wagon,Automatic,4cyl 2.0L Turbo Diesel,,"107,531 km"
133,https://www.carsales.com.au/cars/details/2014-ford-mondeo-lx-tdci-mc-auto/OAG-AD-21278469/?Cr=133,2014 Ford Mondeo LX TDCi MC Auto,2014,,13990,"$13,990 Drive Away","$13,385 Excl. Est. Govt. Charges",OAG-AD-21278469,dealer,Ford,Mondeo,   LX TDCi MC ,VIC,Wagon,Automatic,4cyl 2.0L Turbo Diesel,,"190,243 km"
134,https://www.carsales.com.au/cars/details/2012-ford-mondeo-zetec-tdci-mc-auto/SSE-AD-7404338/?Cr=134,2012 Ford Mondeo Zetec TDCi MC Auto,2012,,8500,"$8,500*",Excl. Govt. Charges,SSE-AD-7404338,private,Ford,Mondeo,   Zetec TDCi MC ,VIC,Hatch,Automatic,4cyl 2.0L Turbo Diesel,,"189,000 km"
135,https://www.carsales.com.au/cars/details/2019-ford-mondeo-ambiente-md-auto-my19-5/OAG-AD-21440493/?Cr=135,2019 Ford Mondeo Ambiente MD Auto MY19.5,2019,MY19.5,23990,"$23,990 Drive Away","$22,982 Excl. Est. Govt. Charges",OAG-AD-21440493,dealer,Ford,Mondeo,   Ambiente MD  ,VIC,Wagon,Automatic,4cyl 2.0L Turbo Diesel,,"96,399 km"
136,https://www.carsales.com.au/cars/details/2015-ford-mondeo-ambiente-md-auto/SSE-AD-13574103/?Cr=136,2015 Ford Mondeo Ambiente MD Auto,2015,,17000,"$17,000*",Excl. Govt. Charges,SSE-AD-13574103,private,Ford,Mondeo,   Ambiente MD ,VIC,Wagon,Automatic,4cyl 2.0L Turbo Diesel,,"130,000 km"
137,https://www.carsales.com.au/cars/details/2013-ford-mondeo-zetec-tdci-mc-auto/OAG-AD-21376156/?Cr=137,2013 Ford Mondeo Zetec TDCi MC Auto,2013,,7999,"$7,999*",Excl. Govt. Charges,OAG-AD-21376156,dealer,Ford,Mondeo,   Zetec TDCi MC ,SA,Wagon,Automatic,4cyl 2.0L Turbo Diesel,,"248,379 km"
138,https://www.carsales.com.au/cars/details/2016-ford-mondeo-trend-md-auto/OAG-AD-21227095/?Cr=138,2016 Ford Mondeo Trend MD Auto,2016,,19840,"$19,840 Drive Away","$19,000 Excl. Est. Govt. Charges",OAG-AD-21227095,dealer,Ford,Mondeo,   Trend MD ,VIC,Hatch,Automatic,4cyl 2.0L Turbo Petrol,,"123,073 km"
139,https://www.carsales.com.au/cars/details/2015-ford-mondeo-ambiente-md-auto/SSE-AD-14120468/?Cr=139,2015 Ford Mondeo Ambiente MD Auto,2015,,14900,"$14,900*",Excl. Govt. Charges,SSE-AD-14120468,private,Ford,Mondeo,   Ambiente MD ,NSW,Wagon,Automatic,4cyl 2.0L Turbo Diesel,,"171,886 km"
140,https://www.carsales.com.au/cars/details/2015-ford-mondeo-titanium-md-auto/SSE-AD-13856178/?Cr=140,2015 Ford Mondeo Titanium MD Auto,2015,,16800,"$16,800*",Excl. Govt. Charges,SSE-AD-13856178,private,Ford,Mondeo,   Titanium MD ,VIC,Hatch,Automatic,4cyl 2.0L Turbo Petrol,,"183,000 km"
141,https://www.carsales.com.au/cars/details/2009-ford-mondeo-lx-mb-auto/OAG-AD-21416003/?Cr=141,2009 Ford Mondeo LX MB Auto,2009,,10490,"$10,490 Drive Away","$10,020 Excl. Est. Govt. Charges",OAG-AD-21416003,dealer,Ford,Mondeo,   LX MB ,VIC,Wagon,Automatic,4cyl 2.3L Petrol,,"144,402 km"
142,https://www.carsales.com.au/cars/details/2015-ford-mondeo-titanium-md-auto/SSE-AD-13334388/?Cr=142,2015 Ford Mondeo Titanium MD Auto,2015,,20000,"$20,000*",Excl. Govt. Charges,SSE-AD-13334388,private,Ford,Mondeo,   Titanium MD ,QLD,Wagon,Automatic,4cyl 2.0L Turbo Diesel,,"159,900 km"
143,https://www.carsales.com.au/cars/details/2017-ford-mondeo-titanium-md-auto-my17-5/OAG-AD-21200986/?Cr=143,2017 Ford Mondeo Titanium MD Auto MY17.5,2017,MY17.5,23990,"$23,990*",Excl. Govt. Charges,OAG-AD-21200986,dealer,Ford,Mondeo,   Titanium MD  ,NSW,Hatch,Automatic,4cyl 2.0L Turbo Petrol,,"116,705 km"
144,https://www.carsales.com.au/cars/details/2017-ford-mondeo-titanium-md-auto-my17-5/SSE-AD-14168163/?Cr=144,2017 Ford Mondeo Titanium MD Auto MY17.5,2017,MY17.5,20970,"$20,970*",Excl. Govt. Charges,SSE-AD-14168163,private,Ford,Mondeo,   Titanium MD  ,VIC,Wagon,Automatic,4cyl 2.0L Turbo Diesel,,"113,000 km"
145,https://www.carsales.com.au/cars/details/2009-ford-mondeo-xr5-turbo-mb-manual/SSE-AD-13966016/?Cr=145,2009 Ford Mondeo XR5 Turbo MB Manual,2009,,9500,"$9,500*",Excl. Govt. Charges,SSE-AD-13966016,private,Ford,Mondeo,   XR5 Turbo MB Manual,NSW,Hatch,Manual,5cyl 2.5L Turbo Petrol,,"189,000 km"
146,https://www.carsales.com.au/cars/details/2013-ford-mondeo-lx-tdci-mc-auto/OAG-AD-21295618/?Cr=146,2013 Ford Mondeo LX TDCi MC Auto,2013,,12602,"$12,602 Drive Away","$12,048 Excl. Est. Govt. Charges",OAG-AD-21295618,dealer,Ford,Mondeo,   LX TDCi MC ,VIC,Wagon,Automatic,4cyl 2.0L Turbo Diesel,,"143,840 km"
147,https://www.carsales.com.au/cars/details/2015-ford-mondeo-trend-md-auto/OAG-AD-21418473/?Cr=147,2015 Ford Mondeo Trend MD Auto,2015,,11990,"$11,990 Drive Away","$11,639 Excl. Est. Govt. Charges",OAG-AD-21418473,dealer,Ford,Mondeo,   Trend MD ,ACT,Wagon,Automatic,4cyl 2.0L Turbo Diesel,,"208,673 km"
148,https://www.carsales.com.au/cars/details/2015-ford-mondeo-ambiente-md-auto/OAG-AD-21180425/?Cr=148,2015 Ford Mondeo Ambiente MD Auto,2015,,20444,"$20,444 Drive Away","$19,579 Excl. Est. Govt. Charges",OAG-AD-21180425,dealer,Ford,Mondeo,   Ambiente MD ,VIC,Wagon,Automatic,4cyl 2.0L Turbo Diesel,,"102,792 km"
149,https://www.carsales.com.au/cars/details/2012-ford-mondeo-titanium-tdci-mc-auto/OAG-AD-21401241/?Cr=149,2012 Ford Mondeo Titanium TDCi MC Auto,2012,,12999,"$12,999 Drive Away","$12,428 Excl. Est. Govt. Charges",OAG-AD-21401241,dealer,Ford,Mondeo,   Titanium TDCi MC ,VIC,Hatch,Automatic,4cyl 2.0L Turbo Diesel,,"175,661 km"
150,https://www.carsales.com.au/cars/details/2013-ford-mondeo-lx-tdci-mc-auto/SSE-AD-13648110/?Cr=150,2013 Ford Mondeo LX TDCi MC Auto,2013,,11200,"$11,200*",Excl. Govt. Charges,SSE-AD-13648110,private,Ford,Mondeo,   LX TDCi MC ,VIC,Wagon,Automatic,4cyl 2.0L Turbo Diesel,,"153,000 km"
151,https://www.carsales.com.au/cars/details/2017-ford-mondeo-ambiente-md-auto-my17-5/OAG-AD-21203324/?Cr=151,2017 Ford Mondeo Ambiente MD Auto MY17.5,2017,MY17.5,20990,"$20,990 Drive Away","$20,100 Excl. Est. Govt. Charges",OAG-AD-21203324,dealer,Ford,Mondeo,   Ambiente MD  ,VIC,Wagon,Automatic,4cyl 2.0L Turbo Diesel,,"83,503 km"
152,https://www.carsales.com.au/cars/details/2008-ford-mondeo-tdci-ma-auto/SSE-AD-12182963/?Cr=152,2008 Ford Mondeo TDCi MA Auto,2008,,9000,"$9,000*",Excl. Govt. Charges,SSE-AD-12182963,private,Ford,Mondeo,   TDCi MA ,QLD,Hatch,Automatic,4cyl 2.0L Turbo Diesel,,"123,545 km"
153,https://www.carsales.com.au/cars/details/2017-ford-mondeo-ambiente-md-auto-my17/OAG-AD-21260684/?Cr=153,2017 Ford Mondeo Ambiente MD Auto MY17,2017,MY17,19990,"$19,990 Drive Away","$19,142 Excl. Est. Govt. Charges",OAG-AD-21260684,dealer,Ford,Mondeo,   Ambiente MD  ,VIC,Wagon,Automatic,4cyl 2.0L Turbo Diesel,,"123,057 km"
154,https://www.carsales.com.au/cars/details/2016-ford-mondeo-trend-md-auto/SSE-AD-12884050/?Cr=154,2016 Ford Mondeo Trend MD Auto,2016,,20990,"$20,990*",Excl. Govt. Charges,SSE-AD-12884050,private,Ford,Mondeo,   Trend MD ,NSW,Hatch,Automatic,4cyl 2.0L Turbo Diesel,,"102,000 km"
155,https://www.carsales.com.au/cars/details/2016-ford-mondeo-trend-md-auto/SSE-AD-13254042/?Cr=155,2016 Ford Mondeo Trend MD Auto,2016,,17000,"$17,000*",Excl. Govt. Charges,SSE-AD-13254042,private,Ford,Mondeo,   Trend MD ,ACT,Wagon,Automatic,4cyl 2.0L Turbo Diesel,,"108,989 km"
156,https://www.carsales.com.au/cars/details/2013-ford-mondeo-lx-tdci-mc-auto/SSE-AD-13926164/?Cr=156,2013 Ford Mondeo LX TDCi MC Auto,2013,,10500,"$10,500*",Excl. Govt. Charges,SSE-AD-13926164,private,Ford,Mondeo,   LX TDCi MC ,VIC,Wagon,Automatic,4cyl 2.0L Turbo Diesel,,"83,000 km"
157,https://www.carsales.com.au/cars/details/2016-ford-mondeo-titanium-md-auto/SSE-AD-13995944/?Cr=157,2016 Ford Mondeo Titanium MD Auto,2016,,25990,"$25,990*",Excl. Govt. Charges,SSE-AD-13995944,private,Ford,Mondeo,   Titanium MD ,SA,Hatch,Automatic,4cyl 2.0L Turbo Diesel,,"67,000 km"
158,https://www.carsales.com.au/cars/details/2007-ford-mondeo-xr5-turbo-ma-manual/SSE-AD-13785561/?Cr=158,2007 Ford Mondeo XR5 Turbo MA Manual,2007,,8750,"$8,750*",Excl. Govt. Charges,SSE-AD-13785561,private,Ford,Mondeo,   XR5 Turbo MA Manual,QLD,Hatch,Manual,5cyl 2.5L Turbo Petrol,,"201,100 km"
159,https://www.carsales.com.au/cars/details/2013-ford-mondeo-lx-tdci-mc-auto/SSE-AD-13658574/?Cr=159,2013 Ford Mondeo LX TDCi MC Auto,2013,,10500,"$10,500*",Excl. Govt. Charges,SSE-AD-13658574,private,Ford,Mondeo,   LX TDCi MC ,VIC,Hatch,Automatic,4cyl 2.0L Turbo Diesel,,"166,201 km"
160,https://www.carsales.com.au/cars/details/2016-ford-mondeo-ambiente-md-auto/SSE-AD-13638748/?Cr=160,2016 Ford Mondeo Ambiente MD Auto,2016,,16500,"$16,500*",Excl. Govt. Charges,SSE-AD-13638748,private,Ford,Mondeo,   Ambiente MD ,NSW,Wagon,Automatic,4cyl 2.0L Turbo Diesel,,"91,000 km"
161,https://www.carsales.com.au/cars/details/2013-ford-mondeo-lx-mc-auto/SSE-AD-13726653/?Cr=161,2013 Ford Mondeo LX MC Auto,2013,,9950,"$9,950*",Excl. Govt. Charges,SSE-AD-13726653,private,Ford,Mondeo,   LX MC ,NSW,Hatch,Automatic,4cyl 2.3L Petrol,,"108,225 km"
162,https://www.carsales.com.au/cars/details/2012-ford-mondeo-titanium-ecoboost-mc-auto/SSE-AD-7129832/?Cr=162,2012 Ford Mondeo Titanium EcoBoost MC Auto,2012,,11000,"$11,000*",Excl. Govt. Charges,SSE-AD-7129832,private,Ford,Mondeo,   Titanium EcoBoost MC ,VIC,Hatch,Automatic,4cyl 2.0L Turbo Petrol,,"158,000 km"
163,https://www.carsales.com.au/cars/details/2011-ford-mondeo-lx-tdci-mc-auto/SSE-AD-14164167/?Cr=163,2011 Ford Mondeo LX TDCi MC Auto,2011,,2200,"$2,200*",Excl. Govt. Charges,SSE-AD-14164167,private,Ford,Mondeo,   LX TDCi MC ,VIC,Wagon,Automatic,4cyl 2.0L Turbo Diesel,,"330,000 km"
164,https://www.carsales.com.au/cars/details/2016-ford-mondeo-ambiente-md-auto/SSE-AD-14180900/?Cr=164,2016 Ford Mondeo Ambiente MD Auto,2016,,15000,"$15,000*",Excl. Govt. Charges,SSE-AD-14180900,private,Ford,Mondeo,   Ambiente MD ,NSW,Wagon,Automatic,4cyl 2.0L Turbo Diesel,,"194,000 km"
165,https://www.carsales.com.au/cars/details/2016-ford-mondeo-trend-md-auto/SSE-AD-14015375/?Cr=165,2016 Ford Mondeo Trend MD Auto,2016,,18500,"$18,500*",Excl. Govt. Charges,SSE-AD-14015375,private,Ford,Mondeo,   Trend MD ,QLD,Wagon,Automatic,4cyl 2.0L Turbo Diesel,,"127,000 km"
166,https://www.carsales.com.au/cars/details/2015-ford-mondeo-trend-md-auto/SSE-AD-13909671/?Cr=166,2015 Ford Mondeo Trend MD Auto,2015,,15000,"$15,000*",Excl. Govt. Charges,SSE-AD-13909671,private,Ford,Mondeo,   Trend MD ,NSW,Wagon,Automatic,4cyl 2.0L Turbo Diesel,,"149,800 km"
167,https://www.carsales.com.au/cars/details/2017-ford-mondeo-titanium-md-auto-my18-25/SSE-AD-13473415/?Cr=167,2017 Ford Mondeo Titanium MD Auto MY18.25,2017,MY18.25,24500,"$24,500*",Excl. Govt. Charges,SSE-AD-13473415,private,Ford,Mondeo,   Titanium MD  ,VIC,Hatch,Automatic,4cyl 2.0L Turbo Petrol,,"100,000 km"
168,https://www.carsales.com.au/cars/details/2016-ford-mondeo-titanium-md-auto/SSE-AD-14158861/?Cr=168,2016 Ford Mondeo Titanium MD Auto,2016,,26800,"$26,800*",Excl. Govt. Charges,SSE-AD-14158861,private,Ford,Mondeo,   Titanium MD ,NSW,Wagon,Automatic,4cyl 2.0L Turbo Diesel,,"87,600 km"
169,https://www.carsales.com.au/cars/details/2016-ford-mondeo-titanium-md-auto/SSE-AD-13554053/?Cr=169,2016 Ford Mondeo Titanium MD Auto,2016,,19999,"$19,999*",Excl. Govt. Charges,SSE-AD-13554053,private,Ford,Mondeo,   Titanium MD ,VIC,Hatch,Automatic,4cyl 2.0L Turbo Diesel,,"171,000 km"
170,https://www.carsales.com.au/cars/details/2015-ford-mondeo-trend-md-auto/SSE-AD-13390314/?Cr=170,2015 Ford Mondeo Trend MD Auto,2015,,17000,"$17,000*",Excl. Govt. Charges,SSE-AD-13390314,private,Ford,Mondeo,   Trend MD ,SA,Hatch,Automatic,4cyl 2.0L Turbo Petrol,,"126,000 km"
171,https://www.carsales.com.au/cars/details/2016-ford-mondeo-ambiente-md-auto/SSE-AD-13836261/?Cr=171,2016 Ford Mondeo Ambiente MD Auto,2016,,16888,"$16,888*",Excl. Govt. Charges,SSE-AD-13836261,private,Ford,Mondeo,   Ambiente MD ,NSW,Wagon,Automatic,4cyl 2.0L Turbo Diesel,,"115,000 km"
172,https://www.carsales.com.au/cars/details/2015-ford-mondeo-ambiente-md-auto/SSE-AD-13947560/?Cr=172,2015 Ford Mondeo Ambiente MD Auto,2015,,16000,"$16,000*",Excl. Govt. Charges,SSE-AD-13947560,private,Ford,Mondeo,   Ambiente MD ,VIC,Wagon,Automatic,4cyl 2.0L Turbo Diesel,,"136,000 km"
173,https://www.carsales.com.au/cars/details/2017-ford-mondeo-titanium-md-auto-my17-5/SSE-AD-13995124/?Cr=173,2017 Ford Mondeo Titanium MD Auto MY17.5,2017,MY17.5,28500,"$28,500*",Excl. Govt. Charges,SSE-AD-13995124,private,Ford,Mondeo,   Titanium MD  ,NSW,Hatch,Automatic,4cyl 2.0L Turbo Petrol,,"36,642 km"
174,https://www.carsales.com.au/cars/details/2013-ford-mondeo-titanium-ecoboost-mc-auto/SSE-AD-12037842/?Cr=174,2013 Ford Mondeo Titanium EcoBoost MC Auto,2013,,13999,"$13,999*",Excl. Govt. Charges,SSE-AD-12037842,private,Ford,Mondeo,   Titanium EcoBoost MC ,QLD,Hatch,Automatic,4cyl 2.0L Turbo Petrol,,"125,080 km"
175,https://www.carsales.com.au/cars/details/2017-ford-mondeo-ambiente-md-auto-my18-25/SSE-AD-14007238/?Cr=175,2017 Ford Mondeo Ambiente MD Auto MY18.25,2017,MY18.25,19500,"$19,500*",Excl. Govt. Charges,SSE-AD-14007238,private,Ford,Mondeo,   Ambiente MD  ,QLD,Hatch,Automatic,4cyl 2.0L Turbo Diesel,,"99,800 km"
176,https://www.carsales.com.au/cars/details/2011-ford-mondeo-titanium-ecoboost-mc-auto/SSE-AD-12475059/?Cr=176,2011 Ford Mondeo Titanium EcoBoost MC Auto,2011,,10999,"$10,999*",Excl. Govt. Charges,SSE-AD-12475059,private,Ford,Mondeo,   Titanium EcoBoost MC ,VIC,Hatch,Automatic,4cyl 2.0L Turbo Petrol,,"181,050 km"
177,https://www.carsales.com.au/cars/details/2010-ford-mondeo-zetec-tdci-mb-auto-my11/SSE-AD-13733997/?Cr=177,2010 Ford Mondeo Zetec TDCi MB Auto MY11,2010,MY11,5999,"$5,999*",Excl. Govt. Charges,SSE-AD-13733997,private,Ford,Mondeo,   Zetec TDCi MB  ,SA,Wagon,Automatic,4cyl 2.0L Turbo Diesel,,"290,000 km"
178,https://www.carsales.com.au/cars/details/2017-ford-mondeo-titanium-md-auto-my17-5/SSE-AD-13228839/?Cr=178,2017 Ford Mondeo Titanium MD Auto MY17.5,2017,MY17.5,27500,"$27,500*",Excl. Govt. Charges,SSE-AD-13228839,private,Ford,Mondeo,   Titanium MD  ,NSW,Hatch,Automatic,4cyl 2.0L Turbo Petrol,,"66,000 km"
179,https://www.carsales.com.au/cars/details/2010-ford-mondeo-zetec-tdci-mc-auto/SSE-AD-12748376/?Cr=179,2010 Ford Mondeo Zetec TDCi MC Auto,2010,,9800,"$9,800*",Excl. Govt. Charges,SSE-AD-12748376,private,Ford,Mondeo,   Zetec TDCi MC ,VIC,Hatch,Automatic,4cyl 2.0L Turbo Diesel,,"255,000 km"
180,https://www.carsales.com.au/cars/details/2011-ford-mondeo-lx-tdci-mc-auto/SSE-AD-11943832/?Cr=180,2011 Ford Mondeo LX TDCi MC Auto,2011,,8500,"$8,500*",Excl. Govt. Charges,SSE-AD-11943832,private,Ford,Mondeo,   LX TDCi MC ,VIC,Wagon,Automatic,4cyl 2.0L Turbo Diesel,,"211,600 km"
181,https://www.carsales.com.au/cars/details/2013-ford-mondeo-zetec-tdci-mc-auto/SSE-AD-13733399/?Cr=181,2013 Ford Mondeo Zetec TDCi MC Auto,2013,,10900,"$10,900*",Excl. Govt. Charges,SSE-AD-13733399,private,Ford,Mondeo,   Zetec TDCi MC ,VIC,Hatch,Automatic,4cyl 2.0L Turbo Diesel,,"102,500 km"
182,https://www.carsales.com.au/cars/details/2019-ford-mondeo-ambiente-md-auto-my18-75/OAG-AD-21009340/?Cr=182,2019 Ford Mondeo Ambiente MD Auto MY18.75,2019,MY18.75,29990,"$29,990*",Excl. Govt. Charges,OAG-AD-21009340,dealer,Ford,Mondeo,   Ambiente MD  ,SA,Wagon,Automatic,4cyl 2.0L Turbo Diesel,,"78,000 km"
183,https://www.carsales.com.au/cars/details/2012-ford-mondeo-lx-mc-auto/SSE-AD-13344625/?Cr=183,2012 Ford Mondeo LX MC Auto,2012,,11000,"$11,000*",Excl. Govt. Charges,SSE-AD-13344625,private,Ford,Mondeo,   LX MC ,WA,Hatch,Automatic,4cyl 2.3L Petrol,,"142,000 km"
184,https://www.carsales.com.au/cars/details/2012-ford-mondeo-zetec-tdci-mc-auto/SSE-AD-12827136/?Cr=184,2012 Ford Mondeo Zetec TDCi MC Auto,2012,,7800,"$7,800*",Excl. Govt. Charges,SSE-AD-12827136,private,Ford,Mondeo,   Zetec TDCi MC ,VIC,Hatch,Automatic,4cyl 2.0L Turbo Diesel,,"257,000 km"
185,https://www.carsales.com.au/cars/details/2017-ford-mondeo-titanium-md-auto-my17-5/SSE-AD-13726130/?Cr=185,2017 Ford Mondeo Titanium MD Auto MY17.5,2017,MY17.5,27000,"$27,000*",Excl. Govt. Charges,SSE-AD-13726130,private,Ford,Mondeo,   Titanium MD  ,NSW,Hatch,Automatic,4cyl 2.0L Turbo Diesel,,"120,000 km"
186,https://www.carsales.com.au/cars/details/2015-ford-mondeo-trend-md-auto/SSE-AD-13112635/?Cr=186,2015 Ford Mondeo Trend MD Auto,2015,,12999,"$12,999*",Excl. Govt. Charges,SSE-AD-13112635,private,Ford,Mondeo,   Trend MD ,VIC,Hatch,Automatic,4cyl 2.0L Turbo Diesel,,"207,256 km"
187,https://www.carsales.com.au/cars/details/2012-ford-mondeo-lx-tdci-mc-auto/SSE-AD-13032356/?Cr=187,2012 Ford Mondeo LX TDCi MC Auto,2012,,7750,"$7,750*",Excl. Govt. Charges,SSE-AD-13032356,private,Ford,Mondeo,   LX TDCi MC ,VIC,Hatch,Automatic,4cyl 2.0L Turbo Diesel,,"238,411 km"
188,https://www.carsales.com.au/cars/details/2017-ford-mondeo-trend-md-auto-my17-5/SSE-AD-14026935/?Cr=188,2017 Ford Mondeo Trend MD Auto MY17.5,2017,MY17.5,27500,"$27,500*",Excl. Govt. Charges,SSE-AD-14026935,private,Ford,Mondeo,   Trend MD  ,NSW,Hatch,Automatic,4cyl 2.0L Turbo Diesel,,"51,000 km"
189,https://www.carsales.com.au/cars/details/2010-ford-mondeo-lx-mc-auto/SSE-AD-14017350/?Cr=189,2010 Ford Mondeo LX MC Auto,2010,,7500,"$7,500*",Excl. Govt. Charges,SSE-AD-14017350,private,Ford,Mondeo,   LX MC ,NSW,Wagon,Automatic,4cyl 2.3L Petrol,,"158,000 km"
190,https://www.carsales.com.au/cars/details/2014-ford-mondeo-zetec-tdci-mc-auto/SSE-AD-14182199/?Cr=190,2014 Ford Mondeo Zetec TDCi MC Auto,2014,,3500,"$3,500*",Excl. Govt. Charges,SSE-AD-14182199,private,Ford,Mondeo,   Zetec TDCi MC ,NSW,Wagon,Automatic,4cyl 2.0L Turbo Diesel,,"367,600 km"
191,https://www.carsales.com.au/cars/details/2013-ford-mondeo-lx-tdci-mc-auto/SSE-AD-13293749/?Cr=191,2013 Ford Mondeo LX TDCi MC Auto,2013,,7999,"$7,999*",Excl. Govt. Charges,SSE-AD-13293749,private,Ford,Mondeo,   LX TDCi MC ,VIC,Wagon,Automatic,4cyl 2.0L Turbo Diesel,,"204,955 km"
192,https://www.carsales.com.au/cars/details/2016-ford-mondeo-ambiente-md-auto/SSE-AD-14056091/?Cr=192,2016 Ford Mondeo Ambiente MD Auto,2016,,17000,"$17,000*",Excl. Govt. Charges,SSE-AD-14056091,private,Ford,Mondeo,   Ambiente MD ,NSW,Wagon,Automatic,4cyl 2.0L Turbo Petrol,,"103,000 km"
193,https://www.carsales.com.au/cars/details/2013-ford-mondeo-zetec-tdci-mc-auto/SSE-AD-13682795/?Cr=193,2013 Ford Mondeo Zetec TDCi MC Auto,2013,,10500,"$10,500*",Excl. Govt. Charges,SSE-AD-13682795,private,Ford,Mondeo,   Zetec TDCi MC ,VIC,Hatch,Automatic,4cyl 2.0L Turbo Diesel,,"197,000 km"
194,https://www.carsales.com.au/cars/details/2015-ford-mondeo-ambiente-md-auto/SSE-AD-7072630/?Cr=194,2015 Ford Mondeo Ambiente MD Auto,2015,,14900,"$14,900*",Excl. Govt. Charges,SSE-AD-7072630,private,Ford,Mondeo,   Ambiente MD ,WA,Wagon,Automatic,4cyl 2.0L Turbo Diesel,,"215,000 km"
195,https://www.carsales.com.au/cars/details/2016-ford-mondeo-titanium-md-auto/SSE-AD-13911967/?Cr=195,2016 Ford Mondeo Titanium MD Auto,2016,,27000,"$27,000*",Excl. Govt. Charges,SSE-AD-13911967,private,Ford,Mondeo,   Titanium MD ,QLD,Hatch,Automatic,4cyl 2.0L Turbo Petrol,,"53,336 km"
196,https://www.carsales.com.au/cars/details/2011-ford-mondeo-lx-tdci-mc-auto/SSE-AD-13322239/?Cr=196,2011 Ford Mondeo LX TDCi MC Auto,2011,,10000,"$10,000*",Excl. Govt. Charges,SSE-AD-13322239,private,Ford,Mondeo,   LX TDCi MC ,VIC,Wagon,Automatic,4cyl 2.0L Turbo Diesel,,"188,360 km"
197,https://www.carsales.com.au/cars/details/2012-ford-mondeo-lx-tdci-mc-auto/SSE-AD-13701028/?Cr=197,2012 Ford Mondeo LX TDCi MC Auto,2012,,12300,"$12,300*",Excl. Govt. Charges,SSE-AD-13701028,private,Ford,Mondeo,   LX TDCi MC ,NSW,Hatch,Automatic,4cyl 2.0L Turbo Diesel,,"93,276 km"
198,https://www.carsales.com.au/cars/details/2015-ford-mondeo-ambiente-md-auto/SSE-AD-14013636/?Cr=198,2015 Ford Mondeo Ambiente MD Auto,2015,,10900,"$10,900*",Excl. Govt. Charges,SSE-AD-14013636,private,Ford,Mondeo,   Ambiente MD ,QLD,Wagon,Automatic,4cyl 2.0L Turbo Diesel,,"218,640 km"
199,https://www.carsales.com.au/cars/details/2012-ford-mondeo-zetec-tdci-mc-auto/SSE-AD-13430687/?Cr=199,2012 Ford Mondeo Zetec TDCi MC Auto,2012,,8950,"$8,950*",Excl. Govt. Charges,SSE-AD-13430687,private,Ford,Mondeo,   Zetec TDCi MC ,VIC,Wagon,Automatic,4cyl 2.0L Turbo Diesel,,"192,000 km"
200,https://www.carsales.com.au/cars/details/2007-ford-mondeo-xr5-turbo-ma-manual/SSE-AD-13411590/?Cr=200,2007 Ford Mondeo XR5 Turbo MA Manual,2007,,9500,"$9,500*",Excl. Govt. Charges,SSE-AD-13411590,private,Ford,Mondeo,   XR5 Turbo MA Manual,QLD,Hatch,Manual,5cyl 2.5L Turbo Petrol,,"187,800 km"
201,https://www.carsales.com.au/cars/details/2016-ford-mondeo-ambiente-md-auto/SSE-AD-13088660/?Cr=201,2016 Ford Mondeo Ambiente MD Auto,2016,,20990,"$20,990*",Excl. Govt. Charges,SSE-AD-13088660,private,Ford,Mondeo,   Ambiente MD ,NSW,Wagon,Automatic,4cyl 2.0L Turbo Diesel,,"100,000 km"
202,https://www.carsales.com.au/cars/details/2011-ford-mondeo-lx-tdci-mc-auto/SSE-AD-13948543/?Cr=202,2011 Ford Mondeo LX TDCi MC Auto,2011,,3499,"$3,499*",Excl. Govt. Charges,SSE-AD-13948543,private,Ford,Mondeo,   LX TDCi MC ,VIC,Wagon,Automatic,4cyl 2.0L Turbo Diesel,,"195,500 km"
203,https://www.carsales.com.au/cars/details/2015-ford-mondeo-ambiente-md-auto/SSE-AD-13550779/?Cr=203,2015 Ford Mondeo Ambiente MD Auto,2015,,12000,"$12,000*",Excl. Govt. Charges,SSE-AD-13550779,private,Ford,Mondeo,   Ambiente MD ,NSW,Wagon,Automatic,4cyl 2.0L Turbo Diesel,,"218,643 km"
204,https://www.carsales.com.au/cars/details/2017-ford-mondeo-ambiente-md-auto-my17-5/OAG-AD-21435273/?Cr=204,2017 Ford Mondeo Ambiente MD Auto MY17.5,2017,MY17.5,16998,"$16,998*",Excl. Govt. Charges,OAG-AD-21435273,dealer,Ford,Mondeo,   Ambiente MD  ,WA,Wagon,Automatic,4cyl 2.0L Turbo Diesel,,"131,199 km"
205,https://www.carsales.com.au/cars/details/2012-ford-mondeo-zetec-ecoboost-mc-auto/SSE-AD-13449739/?Cr=205,2012 Ford Mondeo Zetec EcoBoost MC Auto,2012,,9999,"$9,999*",Excl. Govt. Charges,SSE-AD-13449739,private,Ford,Mondeo,   Zetec EcoBoost MC ,VIC,Hatch,Automatic,4cyl 2.0L Turbo Petrol,,"222,000 km"
206,https://www.carsales.com.au/cars/details/2014-ford-mondeo-lx-tdci-mc-auto/SSE-AD-11894098/?Cr=206,2014 Ford Mondeo LX TDCi MC Auto,2014,,8350,"$8,350*",Excl. Govt. Charges,SSE-AD-11894098,private,Ford,Mondeo,   LX TDCi MC ,VIC,Hatch,Automatic,4cyl 2.0L Turbo Diesel,,"284,610 km"
207,https://www.carsales.com.au/cars/details/2011-ford-mondeo-titanium-tdci-mc-auto/SSE-AD-14088976/?Cr=207,2011 Ford Mondeo Titanium TDCi MC Auto,2011,,9400,"$9,400*",Excl. Govt. Charges,SSE-AD-14088976,private,Ford,Mondeo,   Titanium TDCi MC ,NSW,Wagon,Automatic,4cyl 2.0L Turbo Diesel,,"215,000 km"
208,https://www.carsales.com.au/cars/details/2014-ford-mondeo-lx-tdci-mc-auto/SSE-AD-13679458/?Cr=208,2014 Ford Mondeo LX TDCi MC Auto,2014,,8000,"$8,000*",Excl. Govt. Charges,SSE-AD-13679458,private,Ford,Mondeo,   LX TDCi MC ,VIC,Wagon,Automatic,4cyl 2.0L Turbo Diesel,,"250,000 km"
209,https://www.carsales.com.au/cars/details/2018-ford-mondeo-ambiente-md-auto-my18-25/OAG-AD-21419473/?Cr=209,2018 Ford Mondeo Ambiente MD Auto MY18.25,2018,MY18.25,18990,"$18,990*",Excl. Govt. Charges,OAG-AD-21419473,dealer,Ford,Mondeo,   Ambiente MD  ,WA,Wagon,Automatic,4cyl 2.0L Turbo Diesel,,"108,494 km"
210,https://www.carsales.com.au/cars/details/2019-ford-mondeo-ambiente-md-auto-my19-5/OAG-AD-21365460/?Cr=210,2019 Ford Mondeo Ambiente MD Auto MY19.5,2019,MY19.5,18999,"$18,999 Drive Away","$18,193 Excl. Est. Govt. Charges",OAG-AD-21365460,dealer,Ford,Mondeo,   Ambiente MD  ,VIC,Hatch,Automatic,4cyl 2.0L Turbo Diesel,,"157,742 km"
211,https://www.carsales.com.au/cars/details/2008-ford-mondeo-tdci-ma-auto/SSE-AD-12062511/?Cr=211,2008 Ford Mondeo TDCi MA Auto,2008,,7550,"$7,550*",Excl. Govt. Charges,SSE-AD-12062511,private,Ford,Mondeo,   TDCi MA ,SA,Hatch,Automatic,4cyl 2.0L Turbo Diesel,,"164,000 km"
212,https://www.carsales.com.au/cars/details/2012-ford-mondeo-lx-tdci-mc-auto/SSE-AD-12679620/?Cr=212,2012 Ford Mondeo LX TDCi MC Auto,2012,,6000,"$6,000*",Excl. Govt. Charges,SSE-AD-12679620,private,Ford,Mondeo,   LX TDCi MC ,WA,Wagon,Automatic,4cyl 2.0L Turbo Diesel,,"245,000 km"
213,https://www.carsales.com.au/cars/details/2017-ford-mondeo-titanium-md-auto-my17/SSE-AD-13833998/?Cr=213,2017 Ford Mondeo Titanium MD Auto MY17,2017,MY17,24500,"$24,500*",Excl. Govt. Charges,SSE-AD-13833998,private,Ford,Mondeo,   Titanium MD  ,VIC,Hatch,Automatic,4cyl 2.0L Turbo Diesel,,"105,000 km"
214,https://www.carsales.com.au/cars/details/2010-ford-mondeo-titanium-mb-auto-my11/OAG-AD-21446080/?Cr=214,2010 Ford Mondeo Titanium MB Auto MY11,2010,MY11,14990,"$14,990 Drive Away","$14,343 Excl. Est. Govt. Charges",OAG-AD-21446080,dealer,Ford,Mondeo,   Titanium MB  ,VIC,Hatch,Automatic,4cyl 2.3L Petrol,,"129,823 km"
215,https://www.carsales.com.au/cars/details/2015-ford-mondeo-trend-md-auto/SSE-AD-14159918/?Cr=215,2015 Ford Mondeo Trend MD Auto,2015,,12900,"$12,900*",Excl. Govt. Charges,SSE-AD-14159918,private,Ford,Mondeo,   Trend MD ,ACT,Wagon,Automatic,4cyl 2.0L Turbo Diesel,,"199,900 km"
216,https://www.carsales.com.au/cars/details/2011-ford-mondeo-zetec-tdci-mc-auto/SSE-AD-5987384/?Cr=216,2011 Ford Mondeo Zetec TDCi MC Auto,2011,,7200,"$7,200*",Excl. Govt. Charges,SSE-AD-5987384,private,Ford,Mondeo,   Zetec TDCi MC ,VIC,Hatch,Automatic,4cyl 2.0L Turbo Diesel,,"276,000 km"
217,https://www.carsales.com.au/cars/details/2017-ford-mondeo-ambiente-md-auto-my17-5/SSE-AD-14080687/?Cr=217,2017 Ford Mondeo Ambiente MD Auto MY17.5,2017,MY17.5,17000,"$17,000*",Excl. Govt. Charges,SSE-AD-14080687,private,Ford,Mondeo,   Ambiente MD  ,NSW,Wagon,Automatic,4cyl 2.0L Turbo Diesel,,"165,000 km"
218,https://www.carsales.com.au/cars/details/2017-ford-mondeo-ambiente-md-auto-my17-5/OAG-AD-21417631/?Cr=218,2017 Ford Mondeo Ambiente MD Auto MY17.5,2017,MY17.5,16990,"$16,990*",Excl. Govt. Charges,OAG-AD-21417631,dealer,Ford,Mondeo,   Ambiente MD  ,SA,Wagon,Automatic,4cyl 2.0L Turbo Diesel,,"163,789 km"
219,https://www.carsales.com.au/cars/details/2011-ford-mondeo-lx-tdci-mc-auto/SSE-AD-5975621/?Cr=219,2011 Ford Mondeo LX TDCi MC Auto,2011,,7900,"$7,900*",Excl. Govt. Charges,SSE-AD-5975621,private,Ford,Mondeo,   LX TDCi MC ,NSW,Hatch,Automatic,4cyl 2.0L Turbo Diesel,,"173,200 km"
220,https://www.carsales.com.au/cars/details/2018-ford-mondeo-titanium-md-auto-my18-25/OAG-AD-21446601/?Cr=220,2018 Ford Mondeo Titanium MD Auto MY18.25,2018,MY18.25,33995,"$33,995 Drive Away","$32,975 Excl. Est. Govt. Charges",OAG-AD-21446601,dealer,Ford,Mondeo,   Titanium MD  ,QLD,Hatch,Automatic,4cyl 2.0L Turbo Petrol,,"50,305 km"
221,https://www.carsales.com.au/cars/details/2014-ford-mondeo-lx-mc-auto/SSE-AD-13984326/?Cr=221,2014 Ford Mondeo LX MC Auto,2014,,10000,"$10,000*",Excl. Govt. Charges,SSE-AD-13984326,private,Ford,Mondeo,   LX MC ,SA,Hatch,Automatic,4cyl 2.3L Petrol,,"94,408 km"
222,https://www.carsales.com.au/cars/details/2016-ford-mondeo-ambiente-md-auto/SSE-AD-13848982/?Cr=222,2016 Ford Mondeo Ambiente MD Auto,2016,,14500,"$14,500*",Excl. Govt. Charges,SSE-AD-13848982,private,Ford,Mondeo,   Ambiente MD ,NSW,Wagon,Automatic,4cyl 2.0L Turbo Diesel,,"166,345 km"
223,https://www.carsales.com.au/cars/details/2016-ford-mondeo-titanium-md-auto/OAG-AD-21446641/?Cr=223,2016 Ford Mondeo Titanium MD Auto,2016,,24850,"$24,850*",Excl. Govt. Charges,OAG-AD-21446641,dealer,Ford,Mondeo,   Titanium MD ,QLD,Hatch,Automatic,4cyl 2.0L Turbo Petrol,,"78,431 km"
224,https://www.carsales.com.au/cars/details/2011-ford-mondeo-lx-tdci-mc-auto/SSE-AD-13748006/?Cr=224,2011 Ford Mondeo LX TDCi MC Auto,2011,,5500,"$5,500*",Excl. Govt. Charges,SSE-AD-13748006,private,Ford,Mondeo,   LX TDCi MC ,NSW,Wagon,Automatic,4cyl 2.0L Turbo Diesel,,"392,889 km"
225,https://www.carsales.com.au/cars/details/2013-ford-mondeo-zetec-ecoboost-mc-auto/OAG-AD-21361704/?Cr=225,2013 Ford Mondeo Zetec EcoBoost MC Auto,2013,,12990,"$12,990 Drive Away","$12,582 Excl. Est. Govt. Charges",OAG-AD-21361704,dealer,Ford,Mondeo,   Zetec EcoBoost MC ,QLD,Hatch,Automatic,4cyl 2.0L Turbo Petrol,,"114,302 km"
226,https://www.carsales.com.au/cars/details/2009-ford-mondeo-lx-mb-auto/SSE-AD-13325414/?Cr=226,2009 Ford Mondeo LX MB Auto,2009,,9500,"$9,500*",Excl. Govt. Charges,SSE-AD-13325414,private,Ford,Mondeo,   LX MB ,NT,Hatch,Automatic,4cyl 2.3L Petrol,,"78,000 km"
227,https://www.carsales.com.au/cars/details/2016-ford-mondeo-titanium-md-auto/SSE-AD-14077625/?Cr=227,2016 Ford Mondeo Titanium MD Auto,2016,,32000,"$32,000*",Excl. Govt. Charges,SSE-AD-14077625,private,Ford,Mondeo,   Titanium MD ,SA,Wagon,Automatic,4cyl 2.0L Turbo Diesel,,"50,976 km"
228,https://www.carsales.com.au/cars/details/2010-ford-mondeo-xr5-turbo-mb-manual/SSE-AD-13178071/?Cr=228,2010 Ford Mondeo XR5 Turbo MB Manual,2010,,10800,"$10,800*",Excl. Govt. Charges,SSE-AD-13178071,private,Ford,Mondeo,   XR5 Turbo MB Manual,NSW,Hatch,Manual,5cyl 2.5L Turbo Petrol,,"202,200 km"
229,https://www.carsales.com.au/cars/details/2018-ford-mondeo-ambiente-md-auto-my18-75/OAG-AD-21447083/?Cr=229,2018 Ford Mondeo Ambiente MD Auto MY18.75,2018,MY18.75,24888,"$24,888 Drive Away","$23,838 Excl. Est. Govt. Charges",OAG-AD-21447083,dealer,Ford,Mondeo,   Ambiente MD  ,VIC,Wagon,Automatic,4cyl 2.0L Turbo Petrol,,"55,500 km"
230,https://www.carsales.com.au/cars/details/2017-ford-mondeo-trend-md-auto-my18-25/OAG-AD-21415860/?Cr=230,2017 Ford Mondeo Trend MD Auto MY18.25,2017,MY18.25,23846,"$23,846 Drive Away","$23,120 Excl. Est. Govt. Charges",OAG-AD-21415860,dealer,Ford,Mondeo,   Trend MD  ,QLD,Hatch,Automatic,4cyl 2.0L Turbo Petrol,,"99,382 km"
231,https://www.carsales.com.au/cars/details/2010-ford-mondeo-lx-tdci-mc-auto/SSE-AD-13128956/?Cr=231,2010 Ford Mondeo LX TDCi MC Auto,2010,,5500,"$5,500*",Excl. Govt. Charges,SSE-AD-13128956,private,Ford,Mondeo,   LX TDCi MC ,VIC,Wagon,Automatic,4cyl 2.0L Turbo Diesel,,"248,572 km"
232,https://www.carsales.com.au/cars/details/2015-ford-mondeo-trend-md-auto/OAG-AD-21445190/?Cr=232,2015 Ford Mondeo Trend MD Auto,2015,,17990,"$17,990*",Excl. Govt. Charges,OAG-AD-21445190,dealer,Ford,Mondeo,   Trend MD ,SA,Hatch,Automatic,4cyl 2.0L Turbo Diesel,,"90,329 km"
233,https://www.carsales.com.au/cars/details/2008-ford-mondeo-tdci-ma-auto/SSE-AD-13780126/?Cr=233,2008 Ford Mondeo TDCi MA Auto,2008,,4800,"$4,800*",Excl. Govt. Charges,SSE-AD-13780126,private,Ford,Mondeo,   TDCi MA ,SA,Hatch,Automatic,4cyl 2.0L Turbo Diesel,,"312,000 km"
234,https://www.carsales.com.au/cars/details/2018-ford-mondeo-ambiente-md-auto-my18-75/OAG-AD-21249546/?Cr=234,2018 Ford Mondeo Ambiente MD Auto MY18.75,2018,MY18.75,16999,"$16,999 Drive Away","$16,268 Excl. Est. Govt. Charges",OAG-AD-21249546,dealer,Ford,Mondeo,   Ambiente MD  ,VIC,Hatch,Automatic,4cyl 2.0L Turbo Diesel,,"114,125 km"
235,https://www.carsales.com.au/cars/details/2007-ford-mondeo-lx-ma-auto/SSE-AD-13730489/?Cr=235,2007 Ford Mondeo LX MA Auto,2007,,9100,"$9,100*",Excl. Govt. Charges,SSE-AD-13730489,private,Ford,Mondeo,   LX MA ,VIC,Sedan,Automatic,4cyl 2.3L Petrol,,"116,000 km"
236,https://www.carsales.com.au/cars/details/2013-ford-mondeo-lx-tdci-mc-auto/OAG-AD-20865424/?Cr=236,2013 Ford Mondeo LX TDCi MC Auto,2013,,10888,"$10,888*",Excl. Govt. Charges,OAG-AD-20865424,dealer,Ford,Mondeo,   LX TDCi MC ,NSW,Wagon,Automatic,4cyl 2.0L Turbo Diesel,,"178,779 km"
237,https://www.carsales.com.au/cars/details/2015-ford-mondeo-titanium-md-auto/SSE-AD-14152060/?Cr=237,2015 Ford Mondeo Titanium MD Auto,2015,,17000,"$17,000*",Excl. Govt. Charges,SSE-AD-14152060,private,Ford,Mondeo,   Titanium MD ,WA,Hatch,Automatic,4cyl 2.0L Turbo Diesel,,"258,000 km"
238,https://www.carsales.com.au/cars/details/2011-ford-mondeo-lx-tdci-mc-auto/OAG-AD-20609020/?Cr=238,2011 Ford Mondeo LX TDCi MC Auto,2011,,11990,"$11,990 Drive Away","$11,461 Excl. Est. Govt. Charges",OAG-AD-20609020,dealer,Ford,Mondeo,   LX TDCi MC ,VIC,Wagon,Automatic,4cyl 2.0L Turbo Diesel,,"201,000 km"
239,https://www.carsales.com.au/cars/details/2015-ford-mondeo-titanium-md-auto/OAG-AD-21444800/?Cr=239,2015 Ford Mondeo Titanium MD Auto,2015,,24990,"$24,990*",Excl. Govt. Charges,OAG-AD-21444800,dealer,Ford,Mondeo,   Titanium MD ,SA,Hatch,Automatic,4cyl 2.0L Turbo Diesel,,"58,181 km"
