,link,title,year,marketing_year,drive_away_price,ex_gov_price,price_text,price_info,kms,id,category,make,model,badge,state,body_style,transmission,engine,seller_type,build_date,odometer
0,https://www.carsales.com.au/cars/details/2012-volkswagen-golf-bluemotion-vi-manual-my12-5/SSE-AD-15707391/?Cr=0,2012 Volkswagen Golf BlueMOTION VI Manual MY12.5,2012,MY12.5,,6000,"$6,000*",Excl. Govt. Charges,288000,SSE-AD-15707391,private,Volkswagen,Golf,BlueMOTION VI Manual,QLD,Hatch,Manual,4cyl 1.6L Turbo Diesel,Private Seller Car,,"288,000 km"
1,https://www.carsales.com.au/cars/details/2012-volkswagen-golf-90tsi-trendline-vi-auto-my12-5/SSE-AD-15986072/?Cr=1,2012 Volkswagen Golf 90TSI Trendline VI Auto MY12.5,2012,MY12.5,,6500,"$6,500*",Excl. Govt. Charges,219000,SSE-AD-15986072,private,Volkswagen,Golf,90TSI Trendline VI,NSW,Wagon,Automatic,4cyl 1.4L Turbo Petrol,Private Seller Car,,"219,000 km"
2,https://www.carsales.com.au/cars/details/2012-volkswagen-golf-77tsi-vi-manual-my13/SSE-AD-15844303/?Cr=2,2012 Volkswagen Golf 77TSI VI Manual MY13,2012,MY13,,6900,"$6,900*",Excl. Govt. Charges,187000,SSE-AD-15844303,private,Volkswagen,Golf,77TSI VI Manual,NSW,Hatch,Manual,4cyl 1.2L Turbo Petrol,Private Seller Car,,"187,000 km"
3,https://www.carsales.com.au/cars/details/2012-volkswagen-golf-90tsi-7-manual/SSE-AD-15855441/?Cr=3,2012 Volkswagen Golf 90TSI 7 Manual,2012,,,6999,"$6,999*",Excl. Govt. Charges,217770,SSE-AD-15855441,private,Volkswagen,Golf,90TSI 7 Manual,QLD,Hatch,Manual,4cyl 1.4L Turbo Petrol,Private Seller Car,,"217,770 km"
4,https://www.carsales.com.au/cars/details/2012-volkswagen-golf-90tsi-trendline-vi-auto-my12-5/SSE-AD-16032242/?Cr=4,2012 Volkswagen Golf 90TSI Trendline VI Auto MY12.5,2012,MY12.5,,7000,"$7,000*",Excl. Govt. Charges,191000,SSE-AD-16032242,private,Volkswagen,Golf,90TSI Trendline VI,QLD,Wagon,Automatic,4cyl 1.4L Turbo Petrol,Private Seller Car,,"191,000 km"
5,https://www.carsales.com.au/cars/details/2012-volkswagen-golf-110tdi-highline-7-auto/SSE-AD-15975017/?Cr=5,2012 Volkswagen Golf 110TDI Highline 7 Auto,2012,,,7300,"$7,300*",Excl. Govt. Charges,241000,SSE-AD-15975017,private,Volkswagen,Golf,110TDI Highline 7,VIC,Hatch,Automatic,4cyl 2.0L Turbo Diesel,Private Seller Car,,"241,000 km"
6,https://www.carsales.com.au/cars/details/2012-volkswagen-golf-103tdi-comfortline-vi-auto-my12-5/SSE-AD-15942866/?Cr=6,2012 Volkswagen Golf 103TDI Comfortline VI Auto MY12.5,2012,MY12.5,,7500,"$7,500*",Excl. Govt. Charges,186000,SSE-AD-15942866,private,Volkswagen,Golf,103TDI Comfortline VI,SA,Wagon,Automatic,4cyl 2.0L Turbo Diesel,Private Seller Car,,"186,000 km"
7,https://www.carsales.com.au/cars/details/2012-volkswagen-golf-bluemotion-vi-manual-my12-5/SSE-AD-16034543/?Cr=7,2012 Volkswagen Golf BlueMOTION VI Manual MY12.5,2012,MY12.5,,8000,"$8,000*",Excl. Govt. Charges,207000,SSE-AD-16034543,private,Volkswagen,Golf,BlueMOTION VI Manual,NSW,Hatch,Manual,4cyl 1.6L Turbo Diesel,Private Seller Car,,"207,000 km"
8,https://www.carsales.com.au/cars/details/2012-volkswagen-golf-118tsi-comfortline-vi-auto-my12-5/SSE-AD-15694363/?Cr=8,2012 Volkswagen Golf 118TSI Comfortline VI Auto MY12.5,2012,MY12.5,,8000,"$8,000*",Excl. Govt. Charges,167000,SSE-AD-15694363,private,Volkswagen,Golf,118TSI Comfortline VI,NSW,Wagon,Automatic,4cyl 1.4L TSPetrol,Private Seller Car,,"167,000 km"
9,https://www.carsales.com.au/cars/details/2012-volkswagen-golf-103tdi-comfortline-vi-auto-my13/SSE-AD-15849439/?Cr=9,2012 Volkswagen Golf 103TDI Comfortline VI Auto MY13,2012,MY13,,8000,"$8,000*",Excl. Govt. Charges,258000,SSE-AD-15849439,private,Volkswagen,Golf,103TDI Comfortline VI,NSW,Hatch,Automatic,4cyl 2.0L Turbo Diesel,Private Seller Car,,"258,000 km"
10,https://www.carsales.com.au/cars/details/2012-volkswagen-golf-103tdi-comfortline-vi-auto-my12-5/SSE-AD-15557839/?Cr=10,2012 Volkswagen Golf 103TDI Comfortline VI Auto MY12.5,2012,MY12.5,,8900,"$8,900*",Excl. Govt. Charges,207882,SSE-AD-15557839,private,Volkswagen,Golf,103TDI Comfortline VI,NSW,Wagon,Automatic,4cyl 2.0L Turbo Diesel,Private Seller Car,,"207,882 km"
11,https://www.carsales.com.au/cars/details/2012-volkswagen-golf-90tsi-7-auto/SSE-AD-15462352/?Cr=11,2012 Volkswagen Golf 90TSI 7 Auto,2012,,,8999,"$8,999*",Excl. Govt. Charges,264248,SSE-AD-15462352,private,Volkswagen,Golf,90TSI 7,QLD,Hatch,Automatic,4cyl 1.4L Turbo Petrol,Private Seller Car,,"264,248 km"
12,https://www.carsales.com.au/cars/details/2012-volkswagen-golf-103tdi-comfortline-vi-auto-my12-5/SSE-AD-15779269/?Cr=12,2012 Volkswagen Golf 103TDI Comfortline VI Auto MY12.5,2012,MY12.5,,9000,"$9,000*",Excl. Govt. Charges,210800,SSE-AD-15779269,private,Volkswagen,Golf,103TDI Comfortline VI,VIC,Hatch,Automatic,4cyl 2.0L Turbo Diesel,Private Seller Car,,"210,800 km"
13,https://www.carsales.com.au/cars/details/2012-volkswagen-golf-118tsi-comfortline-vi-auto-my13/SSE-AD-12774088/?Cr=13,2012 Volkswagen Golf 118TSI Comfortline VI Auto MY13,2012,MY13,,9000,"$9,000*",Excl. Govt. Charges,228000,SSE-AD-12774088,private,Volkswagen,Golf,118TSI Comfortline VI,QLD,Hatch,Automatic,4cyl 1.4L TSPetrol,Private Seller Car,,"228,000 km"
14,https://www.carsales.com.au/cars/details/2012-volkswagen-golf-90tsi-comfortline-7-auto/SSE-AD-15897702/?Cr=14,2012 Volkswagen Golf 90TSI Comfortline 7 Auto,2012,,,9000,"$9,000*",Excl. Govt. Charges,190540,SSE-AD-15897702,private,Volkswagen,Golf,90TSI Comfortline 7,VIC,Hatch,Automatic,4cyl 1.4L Turbo Petrol,Private Seller Car,,"190,540 km"
15,https://www.carsales.com.au/cars/details/2012-volkswagen-golf-90tsi-7-auto/SSE-AD-15690092/?Cr=15,2012 Volkswagen Golf 90TSI 7 Auto,2012,,,9000,"$9,000*",Excl. Govt. Charges,194000,SSE-AD-15690092,private,Volkswagen,Golf,90TSI 7,VIC,Hatch,Automatic,4cyl 1.4L Turbo Petrol,Private Seller Car,,"194,000 km"
16,https://www.carsales.com.au/cars/details/2012-volkswagen-golf-103tdi-comfortline-vi-auto-my12-5/SSE-AD-15944745/?Cr=16,2012 Volkswagen Golf 103TDI Comfortline VI Auto MY12.5,2012,MY12.5,,9200,"$9,200*",Excl. Govt. Charges,180000,SSE-AD-15944745,private,Volkswagen,Golf,103TDI Comfortline VI,TAS,Wagon,Automatic,4cyl 2.0L Turbo Diesel,Private Seller Car,,"180,000 km"
17,https://www.carsales.com.au/cars/details/2012-volkswagen-golf-90tsi-7-auto/SSE-AD-16043429/?Cr=17,2012 Volkswagen Golf 90TSI 7 Auto,2012,,,9500,"$9,500*",Excl. Govt. Charges,159056,SSE-AD-16043429,private,Volkswagen,Golf,90TSI 7,QLD,Hatch,Automatic,4cyl 1.4L Turbo Petrol,Private Seller Car,,"159,056 km"
18,https://www.carsales.com.au/cars/details/2012-volkswagen-golf-118tsi-comfortline-vi-auto-my12-5/SSE-AD-12264238/?Cr=18,2012 Volkswagen Golf 118TSI Comfortline VI Auto MY12.5,2012,MY12.5,,9500,"$9,500*",Excl. Govt. Charges,130800,SSE-AD-12264238,private,Volkswagen,Golf,118TSI Comfortline VI,NSW,Hatch,Automatic,4cyl 1.4L TSPetrol,Private Seller Car,,"130,800 km"
19,https://www.carsales.com.au/cars/details/2012-volkswagen-golf-103tdi-comfortline-vi-auto-my12-5/OAG-AD-22527388/?Cr=19,2012 Volkswagen Golf 103TDI Comfortline VI Auto MY12.5,2012,MY12.5,9990.0,9543,"$9,990 Drive Away","$9,543 Excl. Est. Govt. Charges",192142,OAG-AD-22527388,dealer,Volkswagen,Golf,103TDI Comfortline VI,VIC,Hatch,Automatic,4cyl 2.0L Turbo Diesel,Dealer Used Car,,"192,142 km"
20,https://www.carsales.com.au/cars/details/2012-volkswagen-golf-103tdi-comfortline-vi-auto-my12-5/SSE-AD-16124201/?Cr=20,2012 Volkswagen Golf 103TDI Comfortline VI Auto MY12.5,2012,MY12.5,,9900,"$9,900*",Excl. Govt. Charges,171760,SSE-AD-16124201,private,Volkswagen,Golf,103TDI Comfortline VI,QLD,Hatch,Automatic,4cyl 2.0L Turbo Diesel,Private Seller Car,,"171,760 km"
21,https://www.carsales.com.au/cars/details/2012-volkswagen-golf-bluemotion-vi-manual-my12-5/SSE-AD-16038155/?Cr=21,2012 Volkswagen Golf BlueMOTION VI Manual MY12.5,2012,MY12.5,,10000,"$10,000*",Excl. Govt. Charges,157350,SSE-AD-16038155,private,Volkswagen,Golf,BlueMOTION VI Manual,SA,Hatch,Manual,4cyl 1.6L Turbo Diesel,Private Seller Car,,"157,350 km"
22,https://www.carsales.com.au/cars/details/2012-volkswagen-golf-103tdi-comfortline-vi-auto-my12-5/SSE-AD-16059841/?Cr=22,2012 Volkswagen Golf 103TDI Comfortline VI Auto MY12.5,2012,MY12.5,,10000,"$10,000*",Excl. Govt. Charges,224000,SSE-AD-16059841,private,Volkswagen,Golf,103TDI Comfortline VI,VIC,Hatch,Automatic,4cyl 2.0L Turbo Diesel,Private Seller Car,,"224,000 km"
23,https://www.carsales.com.au/cars/details/2012-volkswagen-golf-77tsi-vi-manual-my12-5/SSE-AD-12417379/?Cr=23,2012 Volkswagen Golf 77TSI VI Manual MY12.5,2012,MY12.5,,10000,"$10,000*",Excl. Govt. Charges,121600,SSE-AD-12417379,private,Volkswagen,Golf,77TSI VI Manual,NSW,Hatch,Manual,4cyl 1.2L Turbo Petrol,Private Seller Car,,"121,600 km"
24,https://www.carsales.com.au/cars/details/2012-volkswagen-golf-90tsi-7-manual/SSE-AD-16033343/?Cr=24,2012 Volkswagen Golf 90TSI 7 Manual,2012,,,10100,"$10,100*",Excl. Govt. Charges,115180,SSE-AD-16033343,private,Volkswagen,Golf,90TSI 7 Manual,SA,Hatch,Manual,4cyl 1.4L Turbo Petrol,Private Seller Car,,"115,180 km"
25,https://www.carsales.com.au/cars/details/2012-volkswagen-golf-90tsi-trendline-vi-auto-my12-5/SSE-AD-12173563/?Cr=25,2012 Volkswagen Golf 90TSI Trendline VI Auto MY12.5,2012,MY12.5,,10250,"$10,250*",Excl. Govt. Charges,127000,SSE-AD-12173563,private,Volkswagen,Golf,90TSI Trendline VI,NSW,Hatch,Automatic,4cyl 1.4L Turbo Petrol,Private Seller Car,,"127,000 km"
26,https://www.carsales.com.au/cars/details/2012-volkswagen-golf-77tsi-vi-auto-my12-5/SSE-AD-15915410/?Cr=26,2012 Volkswagen Golf 77TSI VI Auto MY12.5,2012,MY12.5,,10500,"$10,500*",Excl. Govt. Charges,107100,SSE-AD-15915410,private,Volkswagen,Golf,77TSI VI,QLD,Hatch,Automatic,4cyl 1.2L Turbo Petrol,Private Seller Car,,"107,100 km"
27,https://www.carsales.com.au/cars/details/2012-volkswagen-golf-77tsi-vi-manual-my13/SSE-AD-14969332/?Cr=27,2012 Volkswagen Golf 77TSI VI Manual MY13,2012,MY13,,10500,"$10,500*",Excl. Govt. Charges,82000,SSE-AD-14969332,private,Volkswagen,Golf,77TSI VI Manual,NSW,Hatch,Manual,4cyl 1.2L Turbo Petrol,Private Seller Car,,"82,000 km"
28,https://www.carsales.com.au/cars/details/2012-volkswagen-golf-90tsi-trendline-vi-manual-my13/SSE-AD-13260153/?Cr=28,2012 Volkswagen Golf 90TSI Trendline VI Manual MY13,2012,MY13,,10500,"$10,500*",Excl. Govt. Charges,159000,SSE-AD-13260153,private,Volkswagen,Golf,90TSI Trendline VI Manual,NSW,Hatch,Manual,4cyl 1.4L Turbo Petrol,Private Seller Car,,"159,000 km"
29,https://www.carsales.com.au/cars/details/2012-volkswagen-golf-90tsi-trendline-vi-manual-my13/SSE-AD-12213769/?Cr=29,2012 Volkswagen Golf 90TSI Trendline VI Manual MY13,2012,MY13,,10600,"$10,600*",Excl. Govt. Charges,98800,SSE-AD-12213769,private,Volkswagen,Golf,90TSI Trendline VI Manual,NSW,Hatch,Manual,4cyl 1.4L Turbo Petrol,Private Seller Car,,"98,800 km"
30,https://www.carsales.com.au/cars/details/2012-volkswagen-golf-77tsi-vi-manual-my12-5/OAG-AD-22562062/?Cr=30,2012 Volkswagen Golf 77TSI VI Manual MY12.5,2012,MY12.5,,10990,"$10,990*",Excl. Govt. Charges,94529,OAG-AD-22562062,dealer,Volkswagen,Golf,77TSI VI Manual,VIC,Hatch,Manual,4cyl 1.2L Turbo Petrol,Dealer Used Car,,"94,529 km"
31,https://www.carsales.com.au/cars/details/2012-volkswagen-golf-118tsi-vi-auto-my12/SSE-AD-16085582/?Cr=31,2012 Volkswagen Golf 118TSI VI Auto MY12,2012,MY12,,10999,"$10,999*",Excl. Govt. Charges,126100,SSE-AD-16085582,private,Volkswagen,Golf,118TSI VI,VIC,Convertible,Automatic,4cyl 1.4L TSPetrol,Private Seller Car,,"126,100 km"
32,https://www.carsales.com.au/cars/details/2012-volkswagen-golf-gti-vi-auto-my12-5/SSE-AD-16133024/?Cr=32,2012 Volkswagen Golf GTI VI Auto MY12.5,2012,MY12.5,,11000,"$11,000*",Excl. Govt. Charges,282000,SSE-AD-16133024,private,Volkswagen,Golf,GTI VI,NSW,Hatch,Automatic,4cyl 2.0L Turbo Petrol,Private Seller Car,,"282,000 km"
33,https://www.carsales.com.au/cars/details/2012-volkswagen-golf-90tsi-7-auto/SSE-AD-16115521/?Cr=33,2012 Volkswagen Golf 90TSI 7 Auto,2012,,,11000,"$11,000*",Excl. Govt. Charges,119000,SSE-AD-16115521,private,Volkswagen,Golf,90TSI 7,VIC,Hatch,Automatic,4cyl 1.4L Turbo Petrol,Private Seller Car,,"119,000 km"
34,https://www.carsales.com.au/cars/details/2012-volkswagen-golf-103tdi-comfortline-vi-auto-my12-5/SSE-AD-16119460/?Cr=34,2012 Volkswagen Golf 103TDI Comfortline VI Auto MY12.5,2012,MY12.5,,11000,"$11,000*",Excl. Govt. Charges,128000,SSE-AD-16119460,private,Volkswagen,Golf,103TDI Comfortline VI,QLD,Hatch,Automatic,4cyl 2.0L Turbo Diesel,Private Seller Car,,"128,000 km"
35,https://www.carsales.com.au/cars/details/2012-volkswagen-golf-103tdi-comfortline-vi-auto-my12-5/SSE-AD-13052139/?Cr=35,2012 Volkswagen Golf 103TDI Comfortline VI Auto MY12.5,2012,MY12.5,,11000,"$11,000*",Excl. Govt. Charges,200025,SSE-AD-13052139,private,Volkswagen,Golf,103TDI Comfortline VI,SA,Hatch,Automatic,4cyl 2.0L Turbo Diesel,Private Seller Car,,"200,025 km"
36,https://www.carsales.com.au/cars/details/2012-volkswagen-golf-gtd-vi-auto-my13/SSE-AD-15439820/?Cr=36,2012 Volkswagen Golf GTD VI Auto MY13,2012,MY13,,11000,"$11,000*",Excl. Govt. Charges,173000,SSE-AD-15439820,private,Volkswagen,Golf,GTD VI,NSW,Hatch,Automatic,4cyl 2.0L Turbo Diesel,Private Seller Car,,"173,000 km"
37,https://www.carsales.com.au/cars/details/2012-volkswagen-golf-118tsi-vi-auto-my12/SSE-AD-15998521/?Cr=37,2012 Volkswagen Golf 118TSI VI Auto MY12,2012,MY12,,11000,"$11,000*",Excl. Govt. Charges,155506,SSE-AD-15998521,private,Volkswagen,Golf,118TSI VI,NSW,Convertible,Automatic,4cyl 1.4L TSPetrol,Private Seller Car,,"155,506 km"
38,https://www.carsales.com.au/cars/details/2012-volkswagen-golf-118tsi-vi-auto-my12/SSE-AD-15852455/?Cr=38,2012 Volkswagen Golf 118TSI VI Auto MY12,2012,MY12,,11000,"$11,000*",Excl. Govt. Charges,105600,SSE-AD-15852455,private,Volkswagen,Golf,118TSI VI,NSW,Convertible,Automatic,4cyl 1.4L TSPetrol,Private Seller Car,,"105,600 km"
39,https://www.carsales.com.au/cars/details/2012-volkswagen-golf-103tdi-comfortline-vi-auto-my12-5/OAG-AD-22125064/?Cr=39,2012 Volkswagen Golf 103TDI Comfortline VI Auto MY12.5,2012,MY12.5,11999.0,11468,"$11,999 Drive Away","$11,468 Excl. Est. Govt. Charges",139537,OAG-AD-22125064,dealer,Volkswagen,Golf,103TDI Comfortline VI,VIC,Wagon,Automatic,4cyl 2.0L Turbo Diesel,Dealer Used Car,,"139,537 km"
40,https://www.carsales.com.au/cars/details/2012-volkswagen-golf-90tsi-trendline-vi-auto-my13/SSE-AD-16131778/?Cr=40,2012 Volkswagen Golf 90TSI Trendline VI Auto MY13,2012,MY13,,11500,"$11,500*",Excl. Govt. Charges,145541,SSE-AD-16131778,private,Volkswagen,Golf,90TSI Trendline VI,VIC,Hatch,Automatic,4cyl 1.4L Turbo Petrol,Private Seller Car,,"145,541 km"
41,https://www.carsales.com.au/cars/details/2012-volkswagen-golf-90tsi-comfortline-7-auto/SSE-AD-16085098/?Cr=41,2012 Volkswagen Golf 90TSI Comfortline 7 Auto,2012,,,11500,"$11,500*",Excl. Govt. Charges,118852,SSE-AD-16085098,private,Volkswagen,Golf,90TSI Comfortline 7,VIC,Hatch,Automatic,4cyl 1.4L Turbo Petrol,Private Seller Car,,"118,852 km"
42,https://www.carsales.com.au/cars/details/2012-volkswagen-golf-90tsi-trendline-vi-manual-my12-5/SSE-AD-15175512/?Cr=42,2012 Volkswagen Golf 90TSI Trendline VI Manual MY12.5,2012,MY12.5,,11500,"$11,500*",Excl. Govt. Charges,118000,SSE-AD-15175512,private,Volkswagen,Golf,90TSI Trendline VI Manual,VIC,Wagon,Manual,4cyl 1.4L Turbo Petrol,Private Seller Car,,"118,000 km"
43,https://www.carsales.com.au/cars/details/2012-volkswagen-golf-90tsi-trendline-vi-auto-my12-5/SSE-AD-16129541/?Cr=43,2012 Volkswagen Golf 90TSI Trendline VI Auto MY12.5,2012,MY12.5,,11600,"$11,600*",Excl. Govt. Charges,150000,SSE-AD-16129541,private,Volkswagen,Golf,90TSI Trendline VI,QLD,Hatch,Automatic,4cyl 1.4L Turbo Petrol,Private Seller Car,,"150,000 km"
44,https://www.carsales.com.au/cars/details/2012-volkswagen-golf-bluemotion-vi-manual-my13/SSE-AD-13624388/?Cr=44,2012 Volkswagen Golf BlueMOTION VI Manual MY13,2012,MY13,,11750,"$11,750*",Excl. Govt. Charges,118779,SSE-AD-13624388,private,Volkswagen,Golf,BlueMOTION VI Manual,VIC,Hatch,Manual,4cyl 1.6L Turbo Diesel,Private Seller Car,,"118,779 km"
45,https://www.carsales.com.au/cars/details/2012-volkswagen-golf-103tdi-comfortline-vi-auto-my13/SSE-AD-13085251/?Cr=45,2012 Volkswagen Golf 103TDI Comfortline VI Auto MY13,2012,MY13,,11900,"$11,900*",Excl. Govt. Charges,171000,SSE-AD-13085251,private,Volkswagen,Golf,103TDI Comfortline VI,NSW,Wagon,Automatic,4cyl 2.0L Turbo Diesel,Private Seller Car,,"171,000 km"
46,https://www.carsales.com.au/cars/details/2012-volkswagen-golf-90tsi-trendline-vi-auto-my13/SSE-AD-15469775/?Cr=46,2012 Volkswagen Golf 90TSI Trendline VI Auto MY13,2012,MY13,,12000,"$12,000*",Excl. Govt. Charges,153098,SSE-AD-15469775,private,Volkswagen,Golf,90TSI Trendline VI,NSW,Hatch,Automatic,4cyl 1.4L Turbo Petrol,Private Seller Car,,"153,098 km"
47,https://www.carsales.com.au/cars/details/2012-volkswagen-golf-118tsi-comfortline-vi-manual-my13/SSE-AD-15666311/?Cr=47,2012 Volkswagen Golf 118TSI Comfortline VI Manual MY13,2012,MY13,,12000,"$12,000*",Excl. Govt. Charges,90000,SSE-AD-15666311,private,Volkswagen,Golf,118TSI Comfortline VI Manual,SA,Hatch,Manual,4cyl 1.4L TSPetrol,Private Seller Car,,"90,000 km"
48,https://www.carsales.com.au/cars/details/2012-volkswagen-golf-gti-vi-manual-my12-5/SSE-AD-15719931/?Cr=48,2012 Volkswagen Golf GTI VI Manual MY12.5,2012,MY12.5,,12000,"$12,000*",Excl. Govt. Charges,215000,SSE-AD-15719931,private,Volkswagen,Golf,GTI VI Manual,VIC,Hatch,Manual,4cyl 2.0L Turbo Petrol,Private Seller Car,,"215,000 km"
49,https://www.carsales.com.au/cars/details/2012-volkswagen-golf-77tsi-vi-manual-my12-5/OAG-AD-22583450/?Cr=49,2012 Volkswagen Golf 77TSI VI Manual MY12.5,2012,MY12.5,12850.0,12444,"$12,850 Drive Away","$12,444 Excl. Est. Govt. Charges",98415,OAG-AD-22583450,dealer,Volkswagen,Golf,77TSI VI Manual,QLD,Hatch,Manual,4cyl 1.2L Turbo Petrol,Dealer Used Car,,"98,415 km"
50,https://www.carsales.com.au/cars/details/2012-volkswagen-golf-118tsi-comfortline-vi-auto-my12-5/SSE-AD-15898074/?Cr=50,2012 Volkswagen Golf 118TSI Comfortline VI Auto MY12.5,2012,MY12.5,,12500,"$12,500*",Excl. Govt. Charges,140827,SSE-AD-15898074,private,Volkswagen,Golf,118TSI Comfortline VI,VIC,Hatch,Automatic,4cyl 1.4L TSPetrol,Private Seller Car,,"140,827 km"
51,https://www.carsales.com.au/cars/details/2012-volkswagen-golf-118tsi-comfortline-vi-auto-my13/SSE-AD-15684445/?Cr=51,2012 Volkswagen Golf 118TSI Comfortline VI Auto MY13,2012,MY13,,12500,"$12,500*",Excl. Govt. Charges,146124,SSE-AD-15684445,private,Volkswagen,Golf,118TSI Comfortline VI,VIC,Hatch,Automatic,4cyl 1.4L TSPetrol,Private Seller Car,,"146,124 km"
52,https://www.carsales.com.au/cars/details/2012-volkswagen-golf-77tsi-vi-auto-my13/SSE-AD-12980096/?Cr=52,2012 Volkswagen Golf 77TSI VI Auto MY13,2012,MY13,,12500,"$12,500*",Excl. Govt. Charges,98000,SSE-AD-12980096,private,Volkswagen,Golf,77TSI VI,ACT,Hatch,Automatic,4cyl 1.2L Turbo Petrol,Private Seller Car,,"98,000 km"
53,https://www.carsales.com.au/cars/details/2012-volkswagen-golf-118tsi-comfortline-vi-auto-my12-5/SSE-AD-15163052/?Cr=53,2012 Volkswagen Golf 118TSI Comfortline VI Auto MY12.5,2012,MY12.5,,12500,"$12,500*",Excl. Govt. Charges,169761,SSE-AD-15163052,private,Volkswagen,Golf,118TSI Comfortline VI,NSW,Hatch,Automatic,4cyl 1.4L TSPetrol,Private Seller Car,,"169,761 km"
54,https://www.carsales.com.au/cars/details/2012-volkswagen-golf-gti-vi-manual-my12-5/SSE-AD-14135830/?Cr=54,2012 Volkswagen Golf GTI VI Manual MY12.5,2012,MY12.5,,12600,"$12,600*",Excl. Govt. Charges,249200,SSE-AD-14135830,private,Volkswagen,Golf,GTI VI Manual,NSW,Hatch,Manual,4cyl 2.0L Turbo Petrol,Private Seller Car,,"249,200 km"
55,https://www.carsales.com.au/cars/details/2012-volkswagen-golf-gti-vi-manual-my13/SSE-AD-14675364/?Cr=55,2012 Volkswagen Golf GTI VI Manual MY13,2012,MY13,,12800,"$12,800*",Excl. Govt. Charges,213000,SSE-AD-14675364,private,Volkswagen,Golf,GTI VI Manual,NSW,Hatch,Manual,4cyl 2.0L Turbo Petrol,Private Seller Car,,"213,000 km"
56,https://www.carsales.com.au/cars/details/2012-volkswagen-golf-gtd-vi-auto-my12-5/SSE-AD-12757266/?Cr=56,2012 Volkswagen Golf GTD VI Auto MY12.5,2012,MY12.5,,12800,"$12,800*",Excl. Govt. Charges,172500,SSE-AD-12757266,private,Volkswagen,Golf,GTD VI,ACT,Hatch,Automatic,4cyl 2.0L Turbo Diesel,Private Seller Car,,"172,500 km"
57,https://www.carsales.com.au/cars/details/2012-volkswagen-golf-gti-vi-auto-my13/SSE-AD-15613915/?Cr=57,2012 Volkswagen Golf GTI VI Auto MY13,2012,MY13,,12900,"$12,900*",Excl. Govt. Charges,221227,SSE-AD-15613915,private,Volkswagen,Golf,GTI VI,VIC,Hatch,Automatic,4cyl 2.0L Turbo Petrol,Private Seller Car,,"221,227 km"
58,https://www.carsales.com.au/cars/details/2012-volkswagen-golf-118tsi-vi-auto-my12/SSE-AD-16004757/?Cr=58,2012 Volkswagen Golf 118TSI VI Auto MY12,2012,MY12,,12990,"$12,990*",Excl. Govt. Charges,85000,SSE-AD-16004757,private,Volkswagen,Golf,118TSI VI,NSW,Convertible,Automatic,4cyl 1.4L TSPetrol,Private Seller Car,,"85,000 km"
59,https://www.carsales.com.au/cars/details/2012-volkswagen-golf-90tsi-7-auto/SSE-AD-16031480/?Cr=59,2012 Volkswagen Golf 90TSI 7 Auto,2012,,,12990,"$12,990*",Excl. Govt. Charges,99558,SSE-AD-16031480,private,Volkswagen,Golf,90TSI 7,VIC,Hatch,Automatic,4cyl 1.4L Turbo Petrol,Private Seller Car,,"99,558 km"
60,https://www.carsales.com.au/cars/details/2012-volkswagen-golf-118tsi-comfortline-vi-auto-my13/SSE-AD-16097033/?Cr=60,2012 Volkswagen Golf 118TSI Comfortline VI Auto MY13,2012,MY13,,13000,"$13,000*",Excl. Govt. Charges,105216,SSE-AD-16097033,private,Volkswagen,Golf,118TSI Comfortline VI,NSW,Hatch,Automatic,4cyl 1.4L TSPetrol,Private Seller Car,,"105,216 km"
61,https://www.carsales.com.au/cars/details/2012-volkswagen-golf-90tsi-7-auto/SSE-AD-15927433/?Cr=61,2012 Volkswagen Golf 90TSI 7 Auto,2012,,,13000,"$13,000*",Excl. Govt. Charges,106400,SSE-AD-15927433,private,Volkswagen,Golf,90TSI 7,VIC,Hatch,Automatic,4cyl 1.4L Turbo Petrol,Private Seller Car,,"106,400 km"
62,https://www.carsales.com.au/cars/details/2012-volkswagen-golf-103tdi-comfortline-vi-auto-my13/SSE-AD-15416304/?Cr=62,2012 Volkswagen Golf 103TDI Comfortline VI Auto MY13,2012,MY13,,13000,"$13,000*",Excl. Govt. Charges,122000,SSE-AD-15416304,private,Volkswagen,Golf,103TDI Comfortline VI,QLD,Hatch,Automatic,4cyl 2.0L Turbo Diesel,Private Seller Car,,"122,000 km"
63,https://www.carsales.com.au/cars/details/2012-volkswagen-golf-gti-vi-auto-my12-5/SSE-AD-14810673/?Cr=63,2012 Volkswagen Golf GTI VI Auto MY12.5,2012,MY12.5,,13000,"$13,000*",Excl. Govt. Charges,220000,SSE-AD-14810673,private,Volkswagen,Golf,GTI VI,NSW,Hatch,Automatic,4cyl 2.0L Turbo Petrol,Private Seller Car,,"220,000 km"
64,https://www.carsales.com.au/cars/details/2012-volkswagen-golf-118tsi-vi-manual-my12/SSE-AD-16117368/?Cr=64,2012 Volkswagen Golf 118TSI VI Manual MY12,2012,MY12,,13000,"$13,000*",Excl. Govt. Charges,114419,SSE-AD-16117368,private,Volkswagen,Golf,118TSI VI Manual,NSW,Convertible,Manual,4cyl 1.4L TSPetrol,Private Seller Car,,"114,419 km"
65,https://www.carsales.com.au/cars/details/2012-volkswagen-golf-118tsi-comfortline-vi-auto-my12-5/OAG-AD-22579187/?Cr=65,2012 Volkswagen Golf 118TSI Comfortline VI Auto MY12.5,2012,MY12.5,13990.0,13384,"$13,990 Drive Away","$13,384 Excl. Est. Govt. Charges",66045,OAG-AD-22579187,dealer,Volkswagen,Golf,118TSI Comfortline VI,VIC,Hatch,Automatic,4cyl 1.4L TSPetrol,Dealer Used Car,,"66,045 km"
66,https://www.carsales.com.au/cars/details/2012-volkswagen-golf-118tsi-comfortline-vi-auto-my13/OAG-AD-22456050/?Cr=66,2012 Volkswagen Golf 118TSI Comfortline VI Auto MY13,2012,MY13,13999.0,13393,"$13,999 Drive Away","$13,393 Excl. Est. Govt. Charges",56128,OAG-AD-22456050,dealer,Volkswagen,Golf,118TSI Comfortline VI,VIC,Hatch,Automatic,4cyl 1.4L TSPetrol,Dealer Used Car,,"56,128 km"
67,https://www.carsales.com.au/cars/details/2012-volkswagen-golf-118tsi-comfortline-vi-auto-my13/SSE-AD-15573114/?Cr=67,2012 Volkswagen Golf 118TSI Comfortline VI Auto MY13,2012,MY13,,13500,"$13,500*",Excl. Govt. Charges,113420,SSE-AD-15573114,private,Volkswagen,Golf,118TSI Comfortline VI,VIC,Hatch,Automatic,4cyl 1.4L TSPetrol,Private Seller Car,,"113,420 km"
68,https://www.carsales.com.au/cars/details/2012-volkswagen-golf-gti-vi-auto-my12-5/SSE-AD-15328546/?Cr=68,2012 Volkswagen Golf GTI VI Auto MY12.5,2012,MY12.5,,13500,"$13,500*",Excl. Govt. Charges,170000,SSE-AD-15328546,private,Volkswagen,Golf,GTI VI,VIC,Hatch,Automatic,4cyl 2.0L Turbo Petrol,Private Seller Car,,"170,000 km"
69,https://www.carsales.com.au/cars/details/2012-volkswagen-golf-gti-vi-manual-my13/SSE-AD-16015937/?Cr=69,2012 Volkswagen Golf GTI VI Manual MY13,2012,MY13,,13500,"$13,500*",Excl. Govt. Charges,122000,SSE-AD-16015937,private,Volkswagen,Golf,GTI VI Manual,TAS,Hatch,Manual,4cyl 2.0L Turbo Petrol,Private Seller Car,,"122,000 km"
70,https://www.carsales.com.au/cars/details/2012-volkswagen-golf-118tsi-comfortline-vi-auto-my13/OAG-AD-22006883/?Cr=70,2012 Volkswagen Golf 118TSI Comfortline VI Auto MY13,2012,MY13,,13970,"$13,970*",Excl. Govt. Charges,77285,OAG-AD-22006883,dealer,Volkswagen,Golf,118TSI Comfortline VI,WA,Wagon,Automatic,4cyl 1.4L TSPetrol,Dealer Used Car,,"77,285 km"
71,https://www.carsales.com.au/cars/details/2012-volkswagen-golf-90tsi-trendline-vi-auto-my13/OAG-AD-22429777/?Cr=71,2012 Volkswagen Golf 90TSI Trendline VI Auto MY13,2012,MY13,,13990,"$13,990*",Excl. Govt. Charges,82349,OAG-AD-22429777,dealer,Volkswagen,Golf,90TSI Trendline VI,NSW,Hatch,Automatic,4cyl 1.4L Turbo Petrol,Dealer Used Car,,"82,349 km"
72,https://www.carsales.com.au/cars/details/2012-volkswagen-golf-90tsi-7-auto/SSE-AD-15644529/?Cr=72,2012 Volkswagen Golf 90TSI 7 Auto,2012,,,13999,"$13,999*",Excl. Govt. Charges,81024,SSE-AD-15644529,private,Volkswagen,Golf,90TSI 7,NSW,Hatch,Automatic,4cyl 1.4L Turbo Petrol,Private Seller Car,,"81,024 km"
73,https://www.carsales.com.au/cars/details/2012-volkswagen-golf-118tsi-vi-auto-my13/SSE-AD-13793185/?Cr=73,2012 Volkswagen Golf 118TSI VI Auto MY13,2012,MY13,,14000,"$14,000*",Excl. Govt. Charges,95000,SSE-AD-13793185,private,Volkswagen,Golf,118TSI VI,NSW,Convertible,Automatic,4cyl 1.4L TSPetrol,Private Seller Car,,"95,000 km"
74,https://www.carsales.com.au/cars/details/2012-volkswagen-golf-118tsi-vi-auto-my12/SSE-AD-14374989/?Cr=74,2012 Volkswagen Golf 118TSI VI Auto MY12,2012,MY12,,14000,"$14,000*",Excl. Govt. Charges,100800,SSE-AD-14374989,private,Volkswagen,Golf,118TSI VI,VIC,Convertible,Automatic,4cyl 1.4L TSPetrol,Private Seller Car,,"100,800 km"
75,https://www.carsales.com.au/cars/details/2012-volkswagen-golf-118tsi-comfortline-vi-auto-my13/SSE-AD-13754229/?Cr=75,2012 Volkswagen Golf 118TSI Comfortline VI Auto MY13,2012,MY13,,14000,"$14,000*",Excl. Govt. Charges,103000,SSE-AD-13754229,private,Volkswagen,Golf,118TSI Comfortline VI,NSW,Wagon,Automatic,4cyl 1.4L TSPetrol,Private Seller Car,,"103,000 km"
76,https://www.carsales.com.au/cars/details/2012-volkswagen-golf-118tsi-vi-auto-my12/SSE-AD-14489005/?Cr=76,2012 Volkswagen Golf 118TSI VI Auto MY12,2012,MY12,,14500,"$14,500*",Excl. Govt. Charges,115776,SSE-AD-14489005,private,Volkswagen,Golf,118TSI VI,VIC,Convertible,Automatic,4cyl 1.4L TSPetrol,Private Seller Car,,"115,776 km"
77,https://www.carsales.com.au/cars/details/2012-volkswagen-golf-118tsi-vi-auto-my13/SSE-AD-15375258/?Cr=77,2012 Volkswagen Golf 118TSI VI Auto MY13,2012,MY13,,14500,"$14,500*",Excl. Govt. Charges,149500,SSE-AD-15375258,private,Volkswagen,Golf,118TSI VI,VIC,Convertible,Automatic,4cyl 1.4L TSPetrol,Private Seller Car,,"149,500 km"
78,https://www.carsales.com.au/cars/details/2012-volkswagen-golf-118tsi-vi-manual-my12/SSE-AD-15440571/?Cr=78,2012 Volkswagen Golf 118TSI VI Manual MY12,2012,MY12,,14500,"$14,500*",Excl. Govt. Charges,98181,SSE-AD-15440571,private,Volkswagen,Golf,118TSI VI Manual,NSW,Convertible,Manual,4cyl 1.4L TSPetrol,Private Seller Car,,"98,181 km"
79,https://www.carsales.com.au/cars/details/2012-volkswagen-golf-103tdi-comfortline-vi-auto-my13/SSE-AD-12128909/?Cr=79,2012 Volkswagen Golf 103TDI Comfortline VI Auto MY13,2012,MY13,,14599,"$14,599*",Excl. Govt. Charges,174105,SSE-AD-12128909,private,Volkswagen,Golf,103TDI Comfortline VI,VIC,Hatch,Automatic,4cyl 2.0L Turbo Diesel,Private Seller Car,,"174,105 km"
80,https://www.carsales.com.au/cars/details/2012-volkswagen-golf-118tsi-vi-manual-my12/OAG-AD-22525549/?Cr=80,2012 Volkswagen Golf 118TSI VI Manual MY12,2012,MY12,,14990,"$14,990*",Excl. Govt. Charges,91625,OAG-AD-22525549,dealer,Volkswagen,Golf,118TSI VI Manual,NSW,Convertible,Manual,4cyl 1.4L TSPetrol,Dealer Used Car,,"91,625 km"
81,https://www.carsales.com.au/cars/details/2012-volkswagen-golf-103tdi-comfortline-vi-auto-my13/SSE-AD-4114140/?Cr=81,2012 Volkswagen Golf 103TDI Comfortline VI Auto MY13,2012,MY13,,14999,"$14,999*",Excl. Govt. Charges,100000,SSE-AD-4114140,private,Volkswagen,Golf,103TDI Comfortline VI,NSW,Hatch,Automatic,4cyl 2.0L Turbo Diesel,Private Seller Car,,"100,000 km"
82,https://www.carsales.com.au/cars/details/2012-volkswagen-golf-90tsi-7-auto/SSE-AD-16047709/?Cr=82,2012 Volkswagen Golf 90TSI 7 Auto,2012,,,15000,"$15,000*",Excl. Govt. Charges,49000,SSE-AD-16047709,private,Volkswagen,Golf,90TSI 7,WA,Hatch,Automatic,4cyl 1.4L Turbo Petrol,Private Seller Car,,"49,000 km"
83,https://www.carsales.com.au/cars/details/2012-volkswagen-golf-118tsi-vi-auto-my13/SSE-AD-14827599/?Cr=83,2012 Volkswagen Golf 118TSI VI Auto MY13,2012,MY13,,15000,"$15,000*",Excl. Govt. Charges,87800,SSE-AD-14827599,private,Volkswagen,Golf,118TSI VI,NSW,Convertible,Automatic,4cyl 1.4L TSPetrol,Private Seller Car,,"87,800 km"
84,https://www.carsales.com.au/cars/details/2012-volkswagen-golf-gti-vi-auto-my13/SSE-AD-15615378/?Cr=84,2012 Volkswagen Golf GTI VI Auto MY13,2012,MY13,,15000,"$15,000*",Excl. Govt. Charges,201850,SSE-AD-15615378,private,Volkswagen,Golf,GTI VI,NSW,Hatch,Automatic,4cyl 2.0L Turbo Petrol,Private Seller Car,,"201,850 km"
85,https://www.carsales.com.au/cars/details/2012-volkswagen-golf-gti-vi-auto-my12-5/OAG-AD-22125111/?Cr=85,2012 Volkswagen Golf GTI VI Auto MY12.5,2012,MY12.5,15799.0,15117,"$15,799 Drive Away","$15,117 Excl. Est. Govt. Charges",199749,OAG-AD-22125111,dealer,Volkswagen,Golf,GTI VI,VIC,Hatch,Automatic,4cyl 2.0L Turbo Petrol,Dealer Used Car,,"199,749 km"
86,https://www.carsales.com.au/cars/details/2012-volkswagen-golf-gti-vi-manual-my12-5/SSE-AD-16044417/?Cr=86,2012 Volkswagen Golf GTI VI Manual MY12.5,2012,MY12.5,,15500,"$15,500*",Excl. Govt. Charges,156000,SSE-AD-16044417,private,Volkswagen,Golf,GTI VI Manual,VIC,Hatch,Manual,4cyl 2.0L Turbo Petrol,Private Seller Car,,"156,000 km"
87,https://www.carsales.com.au/cars/details/2012-volkswagen-golf-90tsi-trendline-vi-auto-my12-5/OAG-AD-22432179/?Cr=87,2012 Volkswagen Golf 90TSI Trendline VI Auto MY12.5,2012,MY12.5,16711.0,15995,"$16,711 Drive Away","$15,995 Excl. Est. Govt. Charges",102431,OAG-AD-22432179,dealer,Volkswagen,Golf,90TSI Trendline VI,VIC,Hatch,Automatic,4cyl 1.4L Turbo Petrol,Dealer Used Car,,"102,431 km"
88,https://www.carsales.com.au/cars/details/2012-volkswagen-golf-118tsi-vi-auto-my12/OAG-AD-22505319/?Cr=88,2012 Volkswagen Golf 118TSI VI Auto MY12,2012,MY12,,15995,"$15,995*",Excl. Govt. Charges,77562,OAG-AD-22505319,dealer,Volkswagen,Golf,118TSI VI,NSW,Convertible,Automatic,4cyl 1.4L TSPetrol,Dealer Used Car,,"77,562 km"
89,https://www.carsales.com.au/cars/details/2012-volkswagen-golf-118tsi-comfortline-vi-auto-my13/SSE-AD-14077550/?Cr=89,2012 Volkswagen Golf 118TSI Comfortline VI Auto MY13,2012,MY13,,15999,"$15,999*",Excl. Govt. Charges,67000,SSE-AD-14077550,private,Volkswagen,Golf,118TSI Comfortline VI,VIC,Hatch,Automatic,4cyl 1.4L TSPetrol,Private Seller Car,,"67,000 km"
90,https://www.carsales.com.au/cars/details/2012-volkswagen-golf-gti-vi-auto-my13/SSE-AD-16132168/?Cr=90,2012 Volkswagen Golf GTI VI Auto MY13,2012,MY13,,15999,"$15,999*",Excl. Govt. Charges,135982,SSE-AD-16132168,private,Volkswagen,Golf,GTI VI,NSW,Hatch,Automatic,4cyl 2.0L Turbo Petrol,Private Seller Car,,"135,982 km"
91,https://www.carsales.com.au/cars/details/2012-volkswagen-golf-gti-vi-manual-my12-5/SSE-AD-15797786/?Cr=91,2012 Volkswagen Golf GTI VI Manual MY12.5,2012,MY12.5,,16000,"$16,000*",Excl. Govt. Charges,93000,SSE-AD-15797786,private,Volkswagen,Golf,GTI VI Manual,NSW,Hatch,Manual,4cyl 2.0L Turbo Petrol,Private Seller Car,,"93,000 km"
92,https://www.carsales.com.au/cars/details/2012-volkswagen-golf-gti-vi-auto-my13/SSE-AD-15781221/?Cr=92,2012 Volkswagen Golf GTI VI Auto MY13,2012,MY13,,16500,"$16,500*",Excl. Govt. Charges,125500,SSE-AD-15781221,private,Volkswagen,Golf,GTI VI,NSW,Hatch,Automatic,4cyl 2.0L Turbo Petrol,Private Seller Car,,"125,500 km"
93,https://www.carsales.com.au/cars/details/2012-volkswagen-golf-118tsi-vi-auto-my12/SSE-AD-16002282/?Cr=93,2012 Volkswagen Golf 118TSI VI Auto MY12,2012,MY12,,16550,"$16,550*",Excl. Govt. Charges,68443,SSE-AD-16002282,private,Volkswagen,Golf,118TSI VI,QLD,Convertible,Automatic,4cyl 1.4L TSPetrol,Private Seller Car,,"68,443 km"
94,https://www.carsales.com.au/cars/details/2012-volkswagen-golf-gti-vi-auto-my12-5/SSE-AD-15573738/?Cr=94,2012 Volkswagen Golf GTI VI Auto MY12.5,2012,MY12.5,,16750,"$16,750*",Excl. Govt. Charges,164870,SSE-AD-15573738,private,Volkswagen,Golf,GTI VI,VIC,Hatch,Automatic,4cyl 2.0L Turbo Petrol,Private Seller Car,,"164,870 km"
95,https://www.carsales.com.au/cars/details/2012-volkswagen-golf-gti-vi-auto-my12-5/OAG-AD-22573655/?Cr=95,2012 Volkswagen Golf GTI VI Auto MY12.5,2012,MY12.5,,16990,"$16,990*",Excl. Govt. Charges,120752,OAG-AD-22573655,dealer,Volkswagen,Golf,GTI VI,ACT,Hatch,Automatic,4cyl 2.0L Turbo Petrol,Dealer Used Car,,"120,752 km"
96,https://www.carsales.com.au/cars/details/2012-volkswagen-golf-r-vi-auto-4motion-my12-5/SSE-AD-7384041/?Cr=96,2012 Volkswagen Golf R VI Auto 4MOTION MY12.5,2012,MY12.5,,16990,"$16,990*",Excl. Govt. Charges,190000,SSE-AD-7384041,private,Volkswagen,Golf,R VI  4MOTION,NSW,Hatch,Automatic,4cyl 2.0L Turbo Petrol,Private Seller Car,,"190,000 km"
97,https://www.carsales.com.au/cars/details/2012-volkswagen-golf-gti-vi-manual-my12-5/OAG-AD-22557051/?Cr=97,2012 Volkswagen Golf GTI VI Manual MY12.5,2012,MY12.5,,16990,"$16,990*",Excl. Govt. Charges,129436,OAG-AD-22557051,dealer,Volkswagen,Golf,GTI VI Manual,WA,Hatch,Manual,4cyl 2.0L Turbo Petrol,Dealer Used Car,,"129,436 km"
98,https://www.carsales.com.au/cars/details/2012-volkswagen-golf-gti-vi-manual-my12-5/SSE-AD-15706478/?Cr=98,2012 Volkswagen Golf GTI VI Manual MY12.5,2012,MY12.5,,16990,"$16,990*",Excl. Govt. Charges,169000,SSE-AD-15706478,private,Volkswagen,Golf,GTI VI Manual,VIC,Hatch,Manual,4cyl 2.0L Turbo Petrol,Private Seller Car,,"169,000 km"
99,https://www.carsales.com.au/cars/details/2012-volkswagen-golf-gti-vi-auto-my12-5/OAG-AD-22482291/?Cr=99,2012 Volkswagen Golf GTI VI Auto MY12.5,2012,MY12.5,,16995,"$16,995*",Excl. Govt. Charges,109358,OAG-AD-22482291,dealer,Volkswagen,Golf,GTI VI,NSW,Hatch,Automatic,4cyl 2.0L Turbo Petrol,Dealer Used Car,,"109,358 km"
100,https://www.carsales.com.au/cars/details/2012-volkswagen-golf-gti-vi-manual-my12-5/SSE-AD-15196933/?Cr=100,2012 Volkswagen Golf GTI VI Manual MY12.5,2012,MY12.5,,16999,"$16,999*",Excl. Govt. Charges,158400,SSE-AD-15196933,private,Volkswagen,Golf,GTI VI Manual,VIC,Hatch,Manual,4cyl 2.0L Turbo Petrol,Private Seller Car,,"158,400 km"
101,https://www.carsales.com.au/cars/details/2012-volkswagen-golf-gti-vi-auto-my13/SSE-AD-16096806/?Cr=101,2012 Volkswagen Golf GTI VI Auto MY13,2012,MY13,,17000,"$17,000*",Excl. Govt. Charges,145000,SSE-AD-16096806,private,Volkswagen,Golf,GTI VI,VIC,Hatch,Automatic,4cyl 2.0L Turbo Petrol,Private Seller Car,,"145,000 km"
102,https://www.carsales.com.au/cars/details/2012-volkswagen-golf-118tsi-vi-auto-my13/SSE-AD-15487974/?Cr=102,2012 Volkswagen Golf 118TSI VI Auto MY13,2012,MY13,,17000,"$17,000*",Excl. Govt. Charges,102800,SSE-AD-15487974,private,Volkswagen,Golf,118TSI VI,QLD,Convertible,Automatic,4cyl 1.4L TSPetrol,Private Seller Car,,"102,800 km"
103,https://www.carsales.com.au/cars/details/2012-volkswagen-golf-gti-vi-auto-my12-5/SSE-AD-13968014/?Cr=103,2012 Volkswagen Golf GTI VI Auto MY12.5,2012,MY12.5,,17000,"$17,000*",Excl. Govt. Charges,196000,SSE-AD-13968014,private,Volkswagen,Golf,GTI VI,NSW,Hatch,Automatic,4cyl 2.0L Turbo Petrol,Private Seller Car,,"196,000 km"
104,https://www.carsales.com.au/cars/details/2012-volkswagen-golf-gti-vi-manual-my12-5/SSE-AD-15107154/?Cr=104,2012 Volkswagen Golf GTI VI Manual MY12.5,2012,MY12.5,,17300,"$17,300*",Excl. Govt. Charges,140000,SSE-AD-15107154,private,Volkswagen,Golf,GTI VI Manual,VIC,Hatch,Manual,4cyl 2.0L Turbo Petrol,Private Seller Car,,"140,000 km"
105,https://www.carsales.com.au/cars/details/2012-volkswagen-golf-gti-vi-manual-my12-5/SSE-AD-15358849/?Cr=105,2012 Volkswagen Golf GTI VI Manual MY12.5,2012,MY12.5,,17500,"$17,500*",Excl. Govt. Charges,120000,SSE-AD-15358849,private,Volkswagen,Golf,GTI VI Manual,QLD,Hatch,Manual,4cyl 2.0L Turbo Petrol,Private Seller Car,,"120,000 km"
106,https://www.carsales.com.au/cars/details/2012-volkswagen-golf-gti-vi-auto-my12-5/SSE-AD-15748992/?Cr=106,2012 Volkswagen Golf GTI VI Auto MY12.5,2012,MY12.5,,17999,"$17,999*",Excl. Govt. Charges,88500,SSE-AD-15748992,private,Volkswagen,Golf,GTI VI,NSW,Hatch,Automatic,4cyl 2.0L Turbo Petrol,Private Seller Car,,"88,500 km"
107,https://www.carsales.com.au/cars/details/2012-volkswagen-golf-r-vi-manual-4motion-my12-5/SSE-AD-15424602/?Cr=107,2012 Volkswagen Golf R VI Manual 4MOTION MY12.5,2012,MY12.5,,18000,"$18,000*",Excl. Govt. Charges,171000,SSE-AD-15424602,private,Volkswagen,Golf,R VI Manual 4MOTION,QLD,Hatch,Manual,4cyl 2.0L Turbo Petrol,Private Seller Car,,"171,000 km"
108,https://www.carsales.com.au/cars/details/2012-volkswagen-golf-gti-vi-auto-my13/SSE-AD-16092203/?Cr=108,2012 Volkswagen Golf GTI VI Auto MY13,2012,MY13,,18000,"$18,000*",Excl. Govt. Charges,146000,SSE-AD-16092203,private,Volkswagen,Golf,GTI VI,VIC,Hatch,Automatic,4cyl 2.0L Turbo Petrol,Private Seller Car,,"146,000 km"
109,https://www.carsales.com.au/cars/details/2012-volkswagen-golf-gti-vi-auto-my13/SSE-AD-12986333/?Cr=109,2012 Volkswagen Golf GTI VI Auto MY13,2012,MY13,,18000,"$18,000*",Excl. Govt. Charges,121000,SSE-AD-12986333,private,Volkswagen,Golf,GTI VI,QLD,Hatch,Automatic,4cyl 2.0L Turbo Petrol,Private Seller Car,,"121,000 km"
110,https://www.carsales.com.au/cars/details/2012-volkswagen-golf-gti-vi-auto-my12-5/SSE-AD-15016803/?Cr=110,2012 Volkswagen Golf GTI VI Auto MY12.5,2012,MY12.5,,18000,"$18,000*",Excl. Govt. Charges,141000,SSE-AD-15016803,private,Volkswagen,Golf,GTI VI,VIC,Hatch,Automatic,4cyl 2.0L Turbo Petrol,Private Seller Car,,"141,000 km"
111,https://www.carsales.com.au/cars/details/2012-volkswagen-golf-gti-vi-auto-my13/SSE-AD-15881667/?Cr=111,2012 Volkswagen Golf GTI VI Auto MY13,2012,MY13,,18400,"$18,400*",Excl. Govt. Charges,114799,SSE-AD-15881667,private,Volkswagen,Golf,GTI VI,SA,Hatch,Automatic,4cyl 2.0L Turbo Petrol,Private Seller Car,,"114,799 km"
112,https://www.carsales.com.au/cars/details/2012-volkswagen-golf-gti-vi-manual-my13/SSE-AD-13636305/?Cr=112,2012 Volkswagen Golf GTI VI Manual MY13,2012,MY13,,18500,"$18,500*",Excl. Govt. Charges,156000,SSE-AD-13636305,private,Volkswagen,Golf,GTI VI Manual,WA,Hatch,Manual,4cyl 2.0L Turbo Petrol,Private Seller Car,,"156,000 km"
113,https://www.carsales.com.au/cars/details/2012-volkswagen-golf-r-vi-auto-4motion-my12-5/SSE-AD-15988900/?Cr=113,2012 Volkswagen Golf R VI Auto 4MOTION MY12.5,2012,MY12.5,,18500,"$18,500*",Excl. Govt. Charges,231610,SSE-AD-15988900,private,Volkswagen,Golf,R VI  4MOTION,NSW,Hatch,Automatic,4cyl 2.0L Turbo Petrol,Private Seller Car,,"231,610 km"
114,https://www.carsales.com.au/cars/details/2012-volkswagen-golf-gti-vi-auto-my13/SSE-AD-13754070/?Cr=114,2012 Volkswagen Golf GTI VI Auto MY13,2012,MY13,,18500,"$18,500*",Excl. Govt. Charges,102000,SSE-AD-13754070,private,Volkswagen,Golf,GTI VI,NSW,Hatch,Automatic,4cyl 2.0L Turbo Petrol,Private Seller Car,,"102,000 km"
115,https://www.carsales.com.au/cars/details/2012-volkswagen-golf-118tsi-vi-auto-my12/SSE-AD-15805746/?Cr=115,2012 Volkswagen Golf 118TSI VI Auto MY12,2012,MY12,,18750,"$18,750*",Excl. Govt. Charges,85923,SSE-AD-15805746,private,Volkswagen,Golf,118TSI VI,WA,Convertible,Automatic,4cyl 1.4L TSPetrol,Private Seller Car,,"85,923 km"
116,https://www.carsales.com.au/cars/details/2012-volkswagen-golf-gti-vi-auto-my12-5/OAG-AD-22514369/?Cr=116,2012 Volkswagen Golf GTI VI Auto MY12.5,2012,MY12.5,,18990,"$18,990*",Excl. Govt. Charges,117088,OAG-AD-22514369,dealer,Volkswagen,Golf,GTI VI,WA,Hatch,Automatic,4cyl 2.0L Turbo Petrol,Dealer Used Car,,"117,088 km"
117,https://www.carsales.com.au/cars/details/2012-volkswagen-golf-gti-vi-auto-my13/SSE-AD-16022003/?Cr=117,2012 Volkswagen Golf GTI VI Auto MY13,2012,MY13,,18999,"$18,999*",Excl. Govt. Charges,84500,SSE-AD-16022003,private,Volkswagen,Golf,GTI VI,NSW,Hatch,Automatic,4cyl 2.0L Turbo Petrol,Private Seller Car,,"84,500 km"
118,https://www.carsales.com.au/cars/details/2012-volkswagen-golf-gti-vi-auto-my12-5/SSE-AD-15620664/?Cr=118,2012 Volkswagen Golf GTI VI Auto MY12.5,2012,MY12.5,,19000,"$19,000*",Excl. Govt. Charges,82000,SSE-AD-15620664,private,Volkswagen,Golf,GTI VI,NSW,Hatch,Automatic,4cyl 2.0L Turbo Petrol,Private Seller Car,,"82,000 km"
119,https://www.carsales.com.au/cars/details/2012-volkswagen-golf-gti-vi-manual-my12-5/SSE-AD-15615270/?Cr=119,2012 Volkswagen Golf GTI VI Manual MY12.5,2012,MY12.5,,19000,"$19,000*",Excl. Govt. Charges,131337,SSE-AD-15615270,private,Volkswagen,Golf,GTI VI Manual,VIC,Hatch,Manual,4cyl 2.0L Turbo Petrol,Private Seller Car,,"131,337 km"
120,https://www.carsales.com.au/cars/details/2012-volkswagen-golf-r-vi-auto-4motion-my12-5/SSE-AD-13461438/?Cr=120,2012 Volkswagen Golf R VI Auto 4MOTION MY12.5,2012,MY12.5,,19000,"$19,000*",Excl. Govt. Charges,153221,SSE-AD-13461438,private,Volkswagen,Golf,R VI  4MOTION,TAS,Hatch,Automatic,4cyl 2.0L Turbo Petrol,Private Seller Car,,"153,221 km"
121,https://www.carsales.com.au/cars/details/2012-volkswagen-golf-gti-vi-manual-my12-5/SSE-AD-16034869/?Cr=121,2012 Volkswagen Golf GTI VI Manual MY12.5,2012,MY12.5,,19000,"$19,000*",Excl. Govt. Charges,112000,SSE-AD-16034869,private,Volkswagen,Golf,GTI VI Manual,NSW,Hatch,Manual,4cyl 2.0L Turbo Petrol,Private Seller Car,,"112,000 km"
122,https://www.carsales.com.au/cars/details/2012-volkswagen-golf-gti-vi-auto-my13/SSE-AD-15965357/?Cr=122,2012 Volkswagen Golf GTI VI Auto MY13,2012,MY13,,19000,"$19,000*",Excl. Govt. Charges,71000,SSE-AD-15965357,private,Volkswagen,Golf,GTI VI,NSW,Hatch,Automatic,4cyl 2.0L Turbo Petrol,Private Seller Car,,"71,000 km"
123,https://www.carsales.com.au/cars/details/2012-volkswagen-golf-gti-vi-auto-my12-5/OAG-AD-22557733/?Cr=123,2012 Volkswagen Golf GTI VI Auto MY12.5,2012,MY12.5,19990.0,19376,"$19,990 Drive Away","$19,376 Excl. Est. Govt. Charges",169038,OAG-AD-22557733,dealer,Volkswagen,Golf,GTI VI,QLD,Hatch,Automatic,4cyl 2.0L Turbo Petrol,Dealer Used Car,,"169,038 km"
124,https://www.carsales.com.au/cars/details/2012-volkswagen-golf-r-vi-auto-4motion-my12-5/SSE-AD-12650618/?Cr=124,2012 Volkswagen Golf R VI Auto 4MOTION MY12.5,2012,MY12.5,,19950,"$19,950*",Excl. Govt. Charges,184250,SSE-AD-12650618,private,Volkswagen,Golf,R VI  4MOTION,QLD,Hatch,Automatic,4cyl 2.0L Turbo Petrol,Private Seller Car,,"184,250 km"
125,https://www.carsales.com.au/cars/details/2012-volkswagen-golf-gti-vi-auto-my12-5/OAG-AD-22457913/?Cr=125,2012 Volkswagen Golf GTI VI Auto MY12.5,2012,MY12.5,,19990,"$19,990*",Excl. Govt. Charges,116033,OAG-AD-22457913,dealer,Volkswagen,Golf,GTI VI,WA,Hatch,Automatic,4cyl 2.0L Turbo Petrol,Dealer Used Car,,"116,033 km"
126,https://www.carsales.com.au/cars/details/2012-volkswagen-golf-gti-vi-auto-my13/SSE-AD-15181556/?Cr=126,2012 Volkswagen Golf GTI VI Auto MY13,2012,MY13,,19999,"$19,999*",Excl. Govt. Charges,112000,SSE-AD-15181556,private,Volkswagen,Golf,GTI VI,NSW,Hatch,Automatic,4cyl 2.0L Turbo Petrol,Private Seller Car,,"112,000 km"
127,https://www.carsales.com.au/cars/details/2012-volkswagen-golf-r-vi-auto-4motion-my13/SSE-AD-15446908/?Cr=127,2012 Volkswagen Golf R VI Auto 4MOTION MY13,2012,MY13,,20000,"$20,000*",Excl. Govt. Charges,200189,SSE-AD-15446908,private,Volkswagen,Golf,R VI  4MOTION,NSW,Hatch,Automatic,4cyl 2.0L Turbo Petrol,Private Seller Car,,"200,189 km"
128,https://www.carsales.com.au/cars/details/2012-volkswagen-golf-gti-vi-auto-my13/SSE-AD-14569110/?Cr=128,2012 Volkswagen Golf GTI VI Auto MY13,2012,MY13,,20000,"$20,000*",Excl. Govt. Charges,82000,SSE-AD-14569110,private,Volkswagen,Golf,GTI VI,VIC,Hatch,Automatic,4cyl 2.0L Turbo Petrol,Private Seller Car,,"82,000 km"
129,https://www.carsales.com.au/cars/details/2012-volkswagen-golf-gti-vi-auto-my13/SSE-AD-15443487/?Cr=129,2012 Volkswagen Golf GTI VI Auto MY13,2012,MY13,,20000,"$20,000*",Excl. Govt. Charges,215000,SSE-AD-15443487,private,Volkswagen,Golf,GTI VI,NSW,Hatch,Automatic,4cyl 2.0L Turbo Petrol,Private Seller Car,,"215,000 km"
130,https://www.carsales.com.au/cars/details/2012-volkswagen-golf-gti-vi-auto-my13/SSE-AD-15919444/?Cr=130,2012 Volkswagen Golf GTI VI Auto MY13,2012,MY13,,20800,"$20,800*",Excl. Govt. Charges,61000,SSE-AD-15919444,private,Volkswagen,Golf,GTI VI,NSW,Hatch,Automatic,4cyl 2.0L Turbo Petrol,Private Seller Car,,"61,000 km"
131,https://www.carsales.com.au/cars/details/2012-volkswagen-golf-r-vi-auto-4motion-my13/SSE-AD-12379619/?Cr=131,2012 Volkswagen Golf R VI Auto 4MOTION MY13,2012,MY13,,21000,"$21,000*",Excl. Govt. Charges,144000,SSE-AD-12379619,private,Volkswagen,Golf,R VI  4MOTION,NSW,Hatch,Automatic,4cyl 2.0L Turbo Petrol,Private Seller Car,,"144,000 km"
132,https://www.carsales.com.au/cars/details/2012-volkswagen-golf-r-vi-auto-4motion-my13/SSE-AD-13079273/?Cr=132,2012 Volkswagen Golf R VI Auto 4MOTION MY13,2012,MY13,,21000,"$21,000*",Excl. Govt. Charges,141000,SSE-AD-13079273,private,Volkswagen,Golf,R VI  4MOTION,NSW,Hatch,Automatic,4cyl 2.0L Turbo Petrol,Private Seller Car,,"141,000 km"
133,https://www.carsales.com.au/cars/details/2012-volkswagen-golf-gti-vi-auto-my13/SSE-AD-15821515/?Cr=133,2012 Volkswagen Golf GTI VI Auto MY13,2012,MY13,,21500,"$21,500*",Excl. Govt. Charges,192000,SSE-AD-15821515,private,Volkswagen,Golf,GTI VI,NSW,Hatch,Automatic,4cyl 2.0L Turbo Petrol,Private Seller Car,,"192,000 km"
134,https://www.carsales.com.au/cars/details/2012-volkswagen-golf-r-vi-auto-4motion-my12-5/SSE-AD-13998323/?Cr=134,2012 Volkswagen Golf R VI Auto 4MOTION MY12.5,2012,MY12.5,,21500,"$21,500*",Excl. Govt. Charges,180000,SSE-AD-13998323,private,Volkswagen,Golf,R VI  4MOTION,SA,Hatch,Automatic,4cyl 2.0L Turbo Petrol,Private Seller Car,,"180,000 km"
135,https://www.carsales.com.au/cars/details/2012-volkswagen-golf-gti-vi-auto-my13/SSE-AD-15699783/?Cr=135,2012 Volkswagen Golf GTI VI Auto MY13,2012,MY13,,21999,"$21,999*",Excl. Govt. Charges,112000,SSE-AD-15699783,private,Volkswagen,Golf,GTI VI,NSW,Hatch,Automatic,4cyl 2.0L Turbo Petrol,Private Seller Car,,"112,000 km"
136,https://www.carsales.com.au/cars/details/2012-volkswagen-golf-118tsi-vi-auto-my12/SSE-AD-14487832/?Cr=136,2012 Volkswagen Golf 118TSI VI Auto MY12,2012,MY12,,23150,"$23,150*",Excl. Govt. Charges,19000,SSE-AD-14487832,private,Volkswagen,Golf,118TSI VI,VIC,Convertible,Automatic,4cyl 1.4L TSPetrol,Private Seller Car,,"19,000 km"
137,https://www.carsales.com.au/cars/details/2012-volkswagen-golf-r-vi-manual-4motion-my12-5/SSE-AD-15890145/?Cr=137,2012 Volkswagen Golf R VI Manual 4MOTION MY12.5,2012,MY12.5,,24500,"$24,500*",Excl. Govt. Charges,127567,SSE-AD-15890145,private,Volkswagen,Golf,R VI Manual 4MOTION,NSW,Hatch,Manual,4cyl 2.0L Turbo Petrol,Private Seller Car,,"127,567 km"
138,https://www.carsales.com.au/cars/details/2012-volkswagen-golf-gti-vi-auto-my13/SSE-AD-15912573/?Cr=138,2012 Volkswagen Golf GTI VI Auto MY13,2012,MY13,,24990,"$24,990*",Excl. Govt. Charges,84750,SSE-AD-15912573,private,Volkswagen,Golf,GTI VI,VIC,Hatch,Automatic,4cyl 2.0L Turbo Petrol,Private Seller Car,,"84,750 km"
139,https://www.carsales.com.au/cars/details/2012-volkswagen-golf-r-vi-auto-4motion-my13/SSE-AD-7448558/?Cr=139,2012 Volkswagen Golf R VI Auto 4MOTION MY13,2012,MY13,,24999,"$24,999*",Excl. Govt. Charges,139900,SSE-AD-7448558,private,Volkswagen,Golf,R VI  4MOTION,NSW,Hatch,Automatic,4cyl 2.0L Turbo Petrol,Private Seller Car,,"139,900 km"
140,https://www.carsales.com.au/cars/details/2012-volkswagen-golf-r-vi-manual-4motion-my13/SSE-AD-15784471/?Cr=140,2012 Volkswagen Golf R VI Manual 4MOTION MY13,2012,MY13,,25000,"$25,000*",Excl. Govt. Charges,111000,SSE-AD-15784471,private,Volkswagen,Golf,R VI Manual 4MOTION,QLD,Hatch,Manual,4cyl 2.0L Turbo Petrol,Private Seller Car,,"111,000 km"
141,https://www.carsales.com.au/cars/details/2012-volkswagen-golf-r-vi-auto-4motion-my13/SSE-AD-15797903/?Cr=141,2012 Volkswagen Golf R VI Auto 4MOTION MY13,2012,MY13,,25900,"$25,900*",Excl. Govt. Charges,76248,SSE-AD-15797903,private,Volkswagen,Golf,R VI  4MOTION,QLD,Hatch,Automatic,4cyl 2.0L Turbo Petrol,Private Seller Car,,"76,248 km"
142,https://www.carsales.com.au/cars/details/2012-volkswagen-golf-r-vi-auto-4motion-my13/SSE-AD-15541395/?Cr=142,2012 Volkswagen Golf R VI Auto 4MOTION MY13,2012,MY13,,26500,"$26,500*",Excl. Govt. Charges,111000,SSE-AD-15541395,private,Volkswagen,Golf,R VI  4MOTION,VIC,Hatch,Automatic,4cyl 2.0L Turbo Petrol,Private Seller Car,,"111,000 km"
143,https://www.carsales.com.au/cars/details/2012-volkswagen-golf-r-vi-manual-4motion-my13/SSE-AD-12760477/?Cr=143,2012 Volkswagen Golf R VI Manual 4MOTION MY13,2012,MY13,,27000,"$27,000*",Excl. Govt. Charges,140232,SSE-AD-12760477,private,Volkswagen,Golf,R VI Manual 4MOTION,QLD,Hatch,Manual,4cyl 2.0L Turbo Petrol,Private Seller Car,,"140,232 km"
144,https://www.carsales.com.au/cars/details/2012-volkswagen-golf-r-vi-auto-4motion-my13/SSE-AD-12726181/?Cr=144,2012 Volkswagen Golf R VI Auto 4MOTION MY13,2012,MY13,,30000,"$30,000*",Excl. Govt. Charges,160000,SSE-AD-12726181,private,Volkswagen,Golf,R VI  4MOTION,NSW,Hatch,Automatic,4cyl 2.0L Turbo Petrol,Private Seller Car,,"160,000 km"
145,https://www.carsales.com.au/cars/details/2012-volkswagen-golf-r-vi-auto-4motion-my13/SSE-AD-5291400/?Cr=145,2012 Volkswagen Golf R VI Auto 4MOTION MY13,2012,MY13,,30000,"$30,000*",Excl. Govt. Charges,175000,SSE-AD-5291400,private,Volkswagen,Golf,R VI  4MOTION,NSW,Hatch,Automatic,4cyl 2.0L Turbo Petrol,Private Seller Car,,"175,000 km"
146,https://www.carsales.com.au/cars/details/2012-volkswagen-golf-r-vi-auto-4motion-my12-5/SSE-AD-14274718/?Cr=146,2012 Volkswagen Golf R VI Auto 4MOTION MY12.5,2012,MY12.5,,36000,"$36,000*",Excl. Govt. Charges,130000,SSE-AD-14274718,private,Volkswagen,Golf,R VI  4MOTION,VIC,Hatch,Automatic,4cyl 2.0L Turbo Petrol,Private Seller Car,,"130,000 km"
